/*
MySQL Backup
Source Server Version: 5.5.5
Source Database: jdblab
Date: 08/08/2016 11:22:43
*/

SET FOREIGN_KEY_CHECKS=0;

-- ----------------------------
--  Table structure for `cargo`
-- ----------------------------
DROP TABLE IF EXISTS `cargo`;
CREATE TABLE `cargo` (
  `ID_CARGO` int(11) NOT NULL AUTO_INCREMENT,
  `NOMBRE_CARGO` varchar(200) NOT NULL,
  `DESCRIPCION_CARGO` varchar(200) DEFAULT NULL,
  PRIMARY KEY (`ID_CARGO`)
) ENGINE=InnoDB AUTO_INCREMENT=39 DEFAULT CHARSET=utf8;

-- ----------------------------
--  Table structure for `categoria`
-- ----------------------------
DROP TABLE IF EXISTS `categoria`;
CREATE TABLE `categoria` (
  `ID_CATEGORIA` int(11) NOT NULL AUTO_INCREMENT,
  `NOMBRE_CATEGORIA` varchar(50) DEFAULT NULL,
  `DESCRIPCION_CATEGORIA` varchar(200) DEFAULT NULL,
  PRIMARY KEY (`ID_CATEGORIA`)
) ENGINE=InnoDB DEFAULT CHARSET=utf8;

-- ----------------------------
--  Table structure for `categoria_producto`
-- ----------------------------
DROP TABLE IF EXISTS `categoria_producto`;
CREATE TABLE `categoria_producto` (
  `ID_CATEGORIA` int(11) NOT NULL,
  `ID_PRODUCTO` int(11) NOT NULL,
  PRIMARY KEY (`ID_CATEGORIA`,`ID_PRODUCTO`),
  KEY `FK_CATEGORIA_PRODUCTO2` (`ID_PRODUCTO`),
  CONSTRAINT `FK_CATEGORIA_PRODUCTO` FOREIGN KEY (`ID_CATEGORIA`) REFERENCES `categoria` (`ID_CATEGORIA`),
  CONSTRAINT `FK_CATEGORIA_PRODUCTO2` FOREIGN KEY (`ID_PRODUCTO`) REFERENCES `producto` (`ID_PRODUCTO`)
) ENGINE=InnoDB DEFAULT CHARSET=utf8;

-- ----------------------------
--  Table structure for `ciudad`
-- ----------------------------
DROP TABLE IF EXISTS `ciudad`;
CREATE TABLE `ciudad` (
  `ID_CIUDAD` int(11) NOT NULL AUTO_INCREMENT,
  `NOMBRE_CIUDAD` varchar(200) NOT NULL,
  PRIMARY KEY (`ID_CIUDAD`)
) ENGINE=InnoDB AUTO_INCREMENT=11 DEFAULT CHARSET=utf8;

-- ----------------------------
--  Table structure for `clasificacion_proveedor`
-- ----------------------------
DROP TABLE IF EXISTS `clasificacion_proveedor`;
CREATE TABLE `clasificacion_proveedor` (
  `ID_CLASIFICACION` int(11) NOT NULL AUTO_INCREMENT,
  `NOMBRE_CLASIFICACION` varchar(200) NOT NULL,
  `DESCRIPCION_CLASIFICACION` varchar(500) DEFAULT NULL,
  PRIMARY KEY (`ID_CLASIFICACION`)
) ENGINE=InnoDB DEFAULT CHARSET=utf8;

-- ----------------------------
--  Table structure for `cliente`
-- ----------------------------
DROP TABLE IF EXISTS `cliente`;
CREATE TABLE `cliente` (
  `ID_PERSONA` int(11) NOT NULL,
  `ID_INSTITUCION` int(11) DEFAULT NULL,
  `ID_PROFESION` int(11) DEFAULT NULL,
  `ID_CARGO` int(11) DEFAULT NULL,
  `ID_CIUDAD` int(11) DEFAULT NULL,
  `NIT_CI_CLIENTE` varchar(20) DEFAULT NULL,
  PRIMARY KEY (`ID_PERSONA`),
  KEY `FK_RELATIONSHIP_2` (`ID_CIUDAD`),
  KEY `FK_RELATIONSHIP_3` (`ID_CARGO`),
  KEY `FK_RELATIONSHIP_4` (`ID_PROFESION`),
  KEY `FK_RELATIONSHIP_5` (`ID_INSTITUCION`),
  CONSTRAINT `FK_RELATIONSHIP_14` FOREIGN KEY (`ID_PERSONA`) REFERENCES `persona` (`ID_PERSONA`),
  CONSTRAINT `FK_RELATIONSHIP_2` FOREIGN KEY (`ID_CIUDAD`) REFERENCES `ciudad` (`ID_CIUDAD`),
  CONSTRAINT `FK_RELATIONSHIP_3` FOREIGN KEY (`ID_CARGO`) REFERENCES `cargo` (`ID_CARGO`),
  CONSTRAINT `FK_RELATIONSHIP_4` FOREIGN KEY (`ID_PROFESION`) REFERENCES `profesion` (`ID_PROFESION`),
  CONSTRAINT `FK_RELATIONSHIP_5` FOREIGN KEY (`ID_INSTITUCION`) REFERENCES `institucion` (`ID_INSTITUCION`)
) ENGINE=InnoDB DEFAULT CHARSET=utf8;

-- ----------------------------
--  Table structure for `componente`
-- ----------------------------
DROP TABLE IF EXISTS `componente`;
CREATE TABLE `componente` (
  `ID_COMPONENTE` int(11) NOT NULL AUTO_INCREMENT,
  `ID_PRODUCTO` int(11) DEFAULT NULL,
  `ESPECIFICACION_COMPONENTE` varchar(500) NOT NULL,
  `NUMERO_COMPONENTES` smallint(6) DEFAULT NULL,
  PRIMARY KEY (`ID_COMPONENTE`),
  KEY `FK_RELATIONSHIP_9` (`ID_PRODUCTO`),
  CONSTRAINT `FK_RELATIONSHIP_9` FOREIGN KEY (`ID_PRODUCTO`) REFERENCES `producto` (`ID_PRODUCTO`)
) ENGINE=InnoDB AUTO_INCREMENT=413 DEFAULT CHARSET=utf8;

-- ----------------------------
--  Table structure for `email`
-- ----------------------------
DROP TABLE IF EXISTS `email`;
CREATE TABLE `email` (
  `ID_EMAIL` int(11) NOT NULL AUTO_INCREMENT,
  `NOMBRE_EMAIL` varchar(100) NOT NULL,
  `DESC_EMAIL` varchar(200) DEFAULT NULL,
  PRIMARY KEY (`ID_EMAIL`)
) ENGINE=InnoDB AUTO_INCREMENT=72 DEFAULT CHARSET=utf8;

-- ----------------------------
--  Table structure for `institucion`
-- ----------------------------
DROP TABLE IF EXISTS `institucion`;
CREATE TABLE `institucion` (
  `ID_INSTITUCION` int(11) NOT NULL AUTO_INCREMENT,
  `NOMBRE_INSTITUCION` varchar(200) NOT NULL,
  PRIMARY KEY (`ID_INSTITUCION`)
) ENGINE=InnoDB AUTO_INCREMENT=60 DEFAULT CHARSET=utf8;

-- ----------------------------
--  Table structure for `jerarquia_categoria`
-- ----------------------------
DROP TABLE IF EXISTS `jerarquia_categoria`;
CREATE TABLE `jerarquia_categoria` (
  `ID_CATEGORIA` int(11) NOT NULL,
  `CAT_ID_CATEGORIA` int(11) NOT NULL,
  PRIMARY KEY (`ID_CATEGORIA`,`CAT_ID_CATEGORIA`),
  KEY `FK_JERARQUIA_CATEGORIA2` (`CAT_ID_CATEGORIA`),
  CONSTRAINT `FK_JERARQUIA_CATEGORIA` FOREIGN KEY (`ID_CATEGORIA`) REFERENCES `categoria` (`ID_CATEGORIA`),
  CONSTRAINT `FK_JERARQUIA_CATEGORIA2` FOREIGN KEY (`CAT_ID_CATEGORIA`) REFERENCES `categoria` (`ID_CATEGORIA`)
) ENGINE=InnoDB DEFAULT CHARSET=utf8;

-- ----------------------------
--  Table structure for `persona`
-- ----------------------------
DROP TABLE IF EXISTS `persona`;
CREATE TABLE `persona` (
  `ID_PERSONA` int(11) NOT NULL AUTO_INCREMENT,
  `ID_PROVEEDOR` int(11) DEFAULT NULL,
  `NOMBRES_PERSONA` varchar(200) NOT NULL,
  `APELLIDO_P_PERSONA` varchar(200) DEFAULT NULL,
  `APELLIDO_M_PERSONA` varchar(200) DEFAULT NULL,
  `DIRECCION_PERSONA` varchar(400) DEFAULT NULL,
  PRIMARY KEY (`ID_PERSONA`),
  KEY `FK_RELATIONSHIP_19` (`ID_PROVEEDOR`),
  CONSTRAINT `FK_RELATIONSHIP_19` FOREIGN KEY (`ID_PROVEEDOR`) REFERENCES `proveedor` (`ID_PROVEEDOR`)
) ENGINE=InnoDB AUTO_INCREMENT=80 DEFAULT CHARSET=utf8;

-- ----------------------------
--  Table structure for `persona_email`
-- ----------------------------
DROP TABLE IF EXISTS `persona_email`;
CREATE TABLE `persona_email` (
  `ID_EMAIL` int(11) NOT NULL,
  `ID_PERSONA` int(11) NOT NULL,
  PRIMARY KEY (`ID_EMAIL`),
  KEY `FK_RELATIONSHIP_18` (`ID_PERSONA`),
  CONSTRAINT `FK_RELATIONSHIP_15` FOREIGN KEY (`ID_EMAIL`) REFERENCES `email` (`ID_EMAIL`),
  CONSTRAINT `FK_RELATIONSHIP_18` FOREIGN KEY (`ID_PERSONA`) REFERENCES `persona` (`ID_PERSONA`)
) ENGINE=InnoDB DEFAULT CHARSET=utf8;

-- ----------------------------
--  Table structure for `practica_realizable`
-- ----------------------------
DROP TABLE IF EXISTS `practica_realizable`;
CREATE TABLE `practica_realizable` (
  `ID_PRACTICA` int(11) NOT NULL AUTO_INCREMENT,
  `ID_PRODUCTO` int(11) DEFAULT NULL,
  `DESCRIPCION_PRACTICA` varchar(500) NOT NULL,
  PRIMARY KEY (`ID_PRACTICA`),
  KEY `FK_RELATIONSHIP_8` (`ID_PRODUCTO`),
  CONSTRAINT `FK_RELATIONSHIP_8` FOREIGN KEY (`ID_PRODUCTO`) REFERENCES `producto` (`ID_PRODUCTO`)
) ENGINE=InnoDB DEFAULT CHARSET=utf8;

-- ----------------------------
--  Table structure for `producto`
-- ----------------------------
DROP TABLE IF EXISTS `producto`;
CREATE TABLE `producto` (
  `ID_PRODUCTO` int(11) NOT NULL AUTO_INCREMENT,
  `CODIGO_PRODUCTO` varchar(10) NOT NULL,
  `NOMBRE_PRODUCTO` varchar(200) NOT NULL,
  `DESCRIPCION_PRODUCTO` varchar(4000) DEFAULT NULL,
  `PRECIO_PRODUCTO` decimal(10,0) DEFAULT NULL,
  `RUTA_IMAGEN` varchar(50) DEFAULT NULL,
  PRIMARY KEY (`ID_PRODUCTO`)
) ENGINE=InnoDB AUTO_INCREMENT=351 DEFAULT CHARSET=utf8;

-- ----------------------------
--  Table structure for `profesion`
-- ----------------------------
DROP TABLE IF EXISTS `profesion`;
CREATE TABLE `profesion` (
  `ID_PROFESION` int(11) NOT NULL AUTO_INCREMENT,
  `NOMBRE_PROFESION` varchar(200) NOT NULL,
  PRIMARY KEY (`ID_PROFESION`)
) ENGINE=InnoDB AUTO_INCREMENT=9 DEFAULT CHARSET=utf8;

-- ----------------------------
--  Table structure for `proforma`
-- ----------------------------
DROP TABLE IF EXISTS `proforma`;
CREATE TABLE `proforma` (
  `ID_PROFORMA` int(11) NOT NULL AUTO_INCREMENT,
  `ID_PERSONA` int(11) DEFAULT NULL,
  `NUMERO_PROFORMA` int(11) DEFAULT NULL,
  `FECHA_PROFORMA` date DEFAULT NULL,
  `FECHA_VALIDEZ` date DEFAULT NULL,
  PRIMARY KEY (`ID_PROFORMA`),
  KEY `FK_RELATIONSHIP_6` (`ID_PERSONA`),
  CONSTRAINT `FK_RELATIONSHIP_6` FOREIGN KEY (`ID_PERSONA`) REFERENCES `cliente` (`ID_PERSONA`)
) ENGINE=InnoDB DEFAULT CHARSET=utf8;

-- ----------------------------
--  Table structure for `proforma_producto`
-- ----------------------------
DROP TABLE IF EXISTS `proforma_producto`;
CREATE TABLE `proforma_producto` (
  `ID_PROFORMA` int(11) NOT NULL,
  `ID_PRODUCTO` int(11) NOT NULL,
  `CANTIDAD_PRODUCTO` smallint(6) NOT NULL,
  `PRECIO_VENTA` smallint(6) DEFAULT NULL,
  PRIMARY KEY (`ID_PROFORMA`,`ID_PRODUCTO`),
  KEY `FK_PROFORMA_PRODUCTO2` (`ID_PRODUCTO`),
  CONSTRAINT `FK_PROFORMA_PRODUCTO` FOREIGN KEY (`ID_PROFORMA`) REFERENCES `proforma` (`ID_PROFORMA`),
  CONSTRAINT `FK_PROFORMA_PRODUCTO2` FOREIGN KEY (`ID_PRODUCTO`) REFERENCES `producto` (`ID_PRODUCTO`)
) ENGINE=InnoDB DEFAULT CHARSET=utf8;

-- ----------------------------
--  Table structure for `proveedor`
-- ----------------------------
DROP TABLE IF EXISTS `proveedor`;
CREATE TABLE `proveedor` (
  `ID_PROVEEDOR` int(11) NOT NULL AUTO_INCREMENT,
  `NOMBRE_PROVEEDOR` varchar(100) DEFAULT NULL,
  `DESCRIPCION_PROVEEDOR` varchar(200) DEFAULT NULL,
  `DIRECCION_PROVEEDOR` varchar(200) DEFAULT NULL,
  PRIMARY KEY (`ID_PROVEEDOR`)
) ENGINE=InnoDB DEFAULT CHARSET=utf8;

-- ----------------------------
--  Table structure for `proveedor_email`
-- ----------------------------
DROP TABLE IF EXISTS `proveedor_email`;
CREATE TABLE `proveedor_email` (
  `ID_EMAIL` int(11) NOT NULL,
  `ID_PROVEEDOR` int(11) NOT NULL,
  PRIMARY KEY (`ID_EMAIL`),
  KEY `FK_RELATIONSHIP_16` (`ID_PROVEEDOR`),
  CONSTRAINT `FK_RELATIONSHIP_16` FOREIGN KEY (`ID_PROVEEDOR`) REFERENCES `proveedor` (`ID_PROVEEDOR`),
  CONSTRAINT `FK_RELATIONSHIP_17` FOREIGN KEY (`ID_EMAIL`) REFERENCES `email` (`ID_EMAIL`)
) ENGINE=InnoDB DEFAULT CHARSET=utf8;

-- ----------------------------
--  Table structure for `proveedor_grupo`
-- ----------------------------
DROP TABLE IF EXISTS `proveedor_grupo`;
CREATE TABLE `proveedor_grupo` (
  `ID_CLASIFICACION` int(11) NOT NULL,
  `ID_PROVEEDOR` int(11) NOT NULL,
  PRIMARY KEY (`ID_CLASIFICACION`,`ID_PROVEEDOR`),
  KEY `FK_PROVEEDOR_GRUPO2` (`ID_PROVEEDOR`),
  CONSTRAINT `FK_PROVEEDOR_GRUPO` FOREIGN KEY (`ID_CLASIFICACION`) REFERENCES `clasificacion_proveedor` (`ID_CLASIFICACION`),
  CONSTRAINT `FK_PROVEEDOR_GRUPO2` FOREIGN KEY (`ID_PROVEEDOR`) REFERENCES `proveedor` (`ID_PROVEEDOR`)
) ENGINE=InnoDB DEFAULT CHARSET=utf8;

-- ----------------------------
--  Table structure for `telefono`
-- ----------------------------
DROP TABLE IF EXISTS `telefono`;
CREATE TABLE `telefono` (
  `ID_TELEFONO` int(11) NOT NULL AUTO_INCREMENT,
  `ID_TIPO_TELF` int(11) DEFAULT NULL,
  `NUMERO_TELEFONO` int(11) NOT NULL,
  `DESCRIPCION_TELEFONO` varchar(200) DEFAULT NULL,
  PRIMARY KEY (`ID_TELEFONO`),
  KEY `FK_RELATIONSHIP_11` (`ID_TIPO_TELF`),
  CONSTRAINT `FK_RELATIONSHIP_11` FOREIGN KEY (`ID_TIPO_TELF`) REFERENCES `tipo_telefono` (`ID_TIPO_TELF`)
) ENGINE=InnoDB AUTO_INCREMENT=134 DEFAULT CHARSET=utf8;

-- ----------------------------
--  Table structure for `telefono_persona`
-- ----------------------------
DROP TABLE IF EXISTS `telefono_persona`;
CREATE TABLE `telefono_persona` (
  `ID_TELEFONO` int(11) NOT NULL,
  `ID_PERSONA` int(11) NOT NULL,
  PRIMARY KEY (`ID_TELEFONO`),
  KEY `FK_RELATIONSHIP_20` (`ID_PERSONA`),
  CONSTRAINT `FK_RELATIONSHIP_20` FOREIGN KEY (`ID_PERSONA`) REFERENCES `persona` (`ID_PERSONA`),
  CONSTRAINT `FK_RELATIONSHIP_21` FOREIGN KEY (`ID_TELEFONO`) REFERENCES `telefono` (`ID_TELEFONO`)
) ENGINE=InnoDB DEFAULT CHARSET=utf8;

-- ----------------------------
--  Table structure for `telefono_proveedor`
-- ----------------------------
DROP TABLE IF EXISTS `telefono_proveedor`;
CREATE TABLE `telefono_proveedor` (
  `ID_TELEFONO` int(11) NOT NULL,
  `ID_PROVEEDOR` int(11) NOT NULL,
  PRIMARY KEY (`ID_TELEFONO`),
  KEY `FK_RELATIONSHIP_22` (`ID_PROVEEDOR`),
  CONSTRAINT `FK_RELATIONSHIP_22` FOREIGN KEY (`ID_PROVEEDOR`) REFERENCES `proveedor` (`ID_PROVEEDOR`),
  CONSTRAINT `FK_RELATIONSHIP_23` FOREIGN KEY (`ID_TELEFONO`) REFERENCES `telefono` (`ID_TELEFONO`)
) ENGINE=InnoDB DEFAULT CHARSET=utf8;

-- ----------------------------
--  Table structure for `tipo_telefono`
-- ----------------------------
DROP TABLE IF EXISTS `tipo_telefono`;
CREATE TABLE `tipo_telefono` (
  `ID_TIPO_TELF` int(11) NOT NULL AUTO_INCREMENT,
  `NOMBRE_TIPO_TELF` varchar(30) DEFAULT NULL,
  PRIMARY KEY (`ID_TIPO_TELF`)
) ENGINE=InnoDB AUTO_INCREMENT=2 DEFAULT CHARSET=utf8;

-- ----------------------------
--  Table structure for `usuario`
-- ----------------------------
DROP TABLE IF EXISTS `usuario`;
CREATE TABLE `usuario` (
  `ID_USUARIO` int(11) NOT NULL AUTO_INCREMENT,
  `ALIAS_USUARIO` varchar(30) DEFAULT NULL,
  `CLAVE_USUARIO` varchar(30) DEFAULT NULL,
  PRIMARY KEY (`ID_USUARIO`)
) ENGINE=InnoDB DEFAULT CHARSET=utf8;

-- ----------------------------
--  Records 
-- ----------------------------
INSERT INTO `cargo` VALUES ('1','obrero',''), ('2','gerente',''), ('3','jefe direccion obras publicas',''), ('4','director de carrera|',''), ('5','compras menores',''), ('6','jefe de div. suministros',''), ('7','director de carrera',''), ('8','administrador',''), ('9','compras y adquisiciones',''), ('10','encargado del laboratorio',''), ('11','jefe de logística y compras',''), ('12','jefe de laboratorio suelos',''), ('13','encargada del laboratorio',''), ('14','encargada de adquisiciones amvi',''), ('15','encargado de adquisiciones amvi',''), ('16','encargado de adquisiciones',''), ('17','directora administrativa',''), ('18','laboratorio planta de asfaltos',''), ('19','gerente técnico',''), ('20','gerente de proyectos',''), ('21','general manager',''), ('22','jefe de laboratorios',''), ('23','vicedecano',''), ('24','superintendente de obras',''), ('25','supervisor regional',''), ('26','director de difusion, investigación y desarrollo',''), ('27','constructor civil',''), ('28','gerente administrativo',''), ('29','decano de la facultad técnica',''), ('30','adquisiciones',''), ('31','director',''), ('32','director gestión y finanzas',''), ('33','rector',''), ('34','decano',''), ('35','gerente comercial',''), ('36','jefe regional de hormigón y Áridos',''), ('37','presidente',''), ('38','jefe de proyectos','');
INSERT INTO `ciudad` VALUES ('1','cochabamba'), ('2','sacaba'), ('3','la paz'), ('4','sucre'), ('5','oruro'), ('6','santa cruz'), ('7','méxico d. f.'), ('8','chimore'), ('9','cobija'), ('10','potosi');
INSERT INTO `cliente` VALUES ('6','2','2','2','2',NULL), ('7','3',NULL,'3','1',NULL), ('8','4',NULL,'2','3',NULL), ('12','8',NULL,'7','3',NULL), ('13','7',NULL,'5','4',NULL), ('14','7',NULL,'6','4',NULL), ('15','7','2','7','1',NULL), ('16','9',NULL,'2','5',NULL), ('17','10',NULL,'8','1',NULL), ('18','11',NULL,'9','1',NULL), ('19','12',NULL,'10','4',NULL), ('20','13',NULL,'11','1',NULL), ('21','7',NULL,'12','4',NULL), ('22','14',NULL,'13','1',NULL), ('23','15',NULL,'10','1',NULL), ('24','16',NULL,'14','1',NULL), ('25','16',NULL,'15','1',NULL), ('26','17',NULL,'2',NULL,NULL), ('27','18','2','2','1',NULL), ('30','19',NULL,'13','7',NULL), ('31','20',NULL,'16','1',NULL), ('32','21',NULL,'2','1',NULL), ('33','22',NULL,'17','3',NULL), ('34','14','3','10','1',NULL), ('35','3',NULL,'18','1',NULL), ('36','24',NULL,'12','2',NULL), ('37','25',NULL,'12','1',NULL), ('38','26',NULL,NULL,'8',NULL), ('39','17',NULL,'2','5',NULL), ('40','27',NULL,'10','5',NULL), ('41','28',NULL,NULL,NULL,NULL), ('42','29','3','19','1',NULL), ('43','30','3','2','5',NULL), ('44','32','3','2','9',NULL), ('45','33','3','19',NULL,NULL), ('46','34','4','20',NULL,NULL), ('47','35','5','8','6',NULL), ('48','36',NULL,'21','6',NULL), ('49','37','3','22','1',NULL), ('50','38','3','1','5',NULL), ('51','16','3','24','1',NULL), ('52','39',NULL,'25','1',NULL), ('53','40','3','2','1',NULL), ('54','41','3','26','1',NULL), ('55','42','6',NULL,'4',NULL), ('56','43',NULL,'27','1',NULL), ('57','44','1','27','1',NULL), ('58','17','8',NULL,'1',NULL), ('59','45',NULL,NULL,'3',NULL), ('60',NULL,NULL,NULL,'10',NULL), ('61','46',NULL,NULL,'1',NULL), ('62',NULL,'7',NULL,'5',NULL), ('63','17','7',NULL,'1',NULL), ('64','1','3','2','4',NULL), ('65','48','3','28','1',NULL), ('66','7','3','29','4',NULL), ('67','49','5','30','1',NULL), ('68','50','3','31','3',NULL), ('69','51','5','32','4',NULL), ('70','52','3','33','1',NULL), ('71','7','3','34','4',NULL), ('72','53','5','9','6',NULL), ('73','54','3','8','3',NULL), ('74','55',NULL,'35','1',NULL), ('75','56','3','36','1',NULL), ('76','57','3','2','1',NULL), ('77','41','3','37','5',NULL), ('78','58',NULL,'38','1',NULL), ('79','59',NULL,NULL,'1',NULL);
INSERT INTO `componente` VALUES ('5','4','par de discos de refrentado (acero sae 1045)','2'), ('6','4','almohadillas de neopreno','2'), ('7','219','cuchara de terzaghi','1'), ('8','219','barras de extensión de 1 m de acero de alta resistencia','3'), ('9','219','cabezal de golpeo y guía de caída del martillo con indicador de altura de caida','1'), ('10','219','cabezal de golpeo y guía de caída del martillo con indicador de altura de caida','1'), ('11','219','niples y accesorios de acople','1'), ('12','219','opcional: motor a gasolina de 5.5 hp de potencia','1'), ('13','219','opcional: motor a gasolina de 5.5 hp de potencia','1'), ('14','219','opcional: punta cónica o punta llena','1'), ('15','219','opcional: punta cónica o punta llena','1'), ('16','219','opcional: cabezal para tubo shelby y tubos de 60 cm de largo y 2\" de diámetro de acero inoxidable. otras medidas a solitud','1'), ('17','220','plato de cono de arena 12\"x12\"','1'), ('18','222','martillo deslizante','1'), ('19','222','barra de extensión de 36\"','2'), ('20','222','maletín con ruedas','1'), ('21','222','herramientas de montaje','1'), ('22','222','herramientas de montaje','1'), ('23','222','herramientas de montaje','1'), ('24','222','manual de usuario','1'), ('25','223','barra de accionamiento','1'), ('26','223','martillo estructural de acero','1'), ('27','223','punto endurecido reutilizable','1'), ('28','223','clavijas de conexión','2'), ('29','223','llaves','2'), ('30','223','maletín de transporte','1'), ('31','223','manual de usuario','1'), ('32','224','gato hidraulico de 200 kn','1'), ('33','224','manual de usuario del - gato hidráulico','1'), ('34','224','tubo de goma - gato hidráulico','1'), ('35','224','juego de barras de extensión - gato hidráulico','1'), ('36','224','maletin - gato hidráulico','1'), ('37','224','asiento esférico superior','1'), ('38','224','placa de carga 300 mm de diámetro','1'), ('39','224','placa intermedia de 160 mm de diámetro','1'), ('40','224','montaje 2,5 m de largo, telescópico, regulable en altura, con soportes de base, a plomada y nivel de burbuja. embalado separadamente','1'), ('41','224','relojes comparadores de 25 x 0,01 mm','3'), ('42','224','soportes para comparadores articulados compatibles con el dispositivo de ajuste','3'), ('43','224','medidor de fuerza ( 0 - 50 ) kn, div 0.25 kn','1'), ('44','225','bomba de goma con válvula de cierre','1'), ('45','225','placa de densidad','1'), ('46','225','globos de goma','12'), ('47','227','gato mecánico de 50kn','1'), ('48','227','anillo de carga de 40 kn','1'), ('49','227','pistón de penetración cbr','1'), ('50','227','reloj comparador de 25 x 0,01mm','1'), ('51','227','estructura de soporte de acero','1'), ('52','227','accesorio para montaje del gato','1'), ('53','227','caja de transporte','1'), ('54','227','no incluye: pesa de sobrecarga de 10 lb anular para cbr de campo','0'), ('55','227','no incluye: pesa de sobrecarga de 10 lb ranurado para cbr de campo','0'), ('56','228','ranurador curvolímite','1'), ('57','228','herramientas plana para ranurar','1'), ('58','228','bloque patrón para ajuste de altura','1'), ('59','228','contador','1'), ('60','229','placa de limite plástico 12x12','1'), ('61','229','plato de mesclado','1'), ('62','229','espátula','1'), ('63','229','cilindro graduado (25ml)','1'), ('64','229','tarros de muestra','12'), ('65','230','plato para mezclas','1'), ('66','230','plato de contracción monel','1'), ('67','230','plato de cristalización','1'), ('68','230','plato de contracción de púas','1'), ('69','230','cilindro graduado (25ml)','1'), ('70','231','hojas de papel adhesivo','50'), ('71','231','manual de instrucciones','1'), ('72','232','camara','1'), ('73','232','molde base','1'), ('74','232','pipeta','1'), ('75','232','herramienta para perforación','1'), ('76','233','maleta','1'), ('77','233','cilindro plástico graduado','4'), ('78','233','tapón solido de goma','2'), ('79','233','tubo irrigador','1'), ('80','233','conjunto de pie compensado','1'), ('81','233','botella de solución estándar 8 oz. (240ml)','1'), ('82','233','sifon','1'), ('83','233','abrazadera','1'), ('84','233','embudo de boca ancha','1'), ('85','233','tarro para medir','1'), ('86','235','probetas de sedimentación  de 1000ml','6'), ('87','235','hidrómetro 152 h de industria','2'), ('88','235','tanque de vidrio de 600 x 300 x 380 mm','1'), ('89','235','calentador con termostato, resistencia y unidad de circulación 220 vca,  50 hz.','1'), ('90','235','termómetro de vidrio, rango 0-50ºc, divisiones 0,5ºc','1'), ('91','235','vaso de pírex de 250 ml','1'), ('92','235','hexametafosfato de sodio 1000 g','1'), ('93','235','mezclador de alta velocidad 10.000 rpm o mayor','1'), ('94','235','cronometro digital','1'), ('95','240','molde cónico en bronce','1'), ('96','240','pisón de acero','1'), ('97','241','arandela de goma','1'), ('98','241','tapa moldeada','1'), ('99','241','jarra de 0.9 litros','1'), ('100','243','permeametro de acero galvanizado de 4\"','1'), ('101','243','tubo del manometro','1'), ('102','243','deposito de carga','1'), ('103','243','cilindro graduado','1'), ('104','243','cronometro','1');
INSERT INTO `componente` VALUES ('106','246','celda de anillo fijo de 2.5\"','1'), ('107','246','dial indicador 12 mm x 2 mm (industria americana)','1'), ('108','246','peso ranurado de 1 kg.','4'), ('109','246','peso ranurado de 4 kg.','3'), ('110','246','peso ranurado de 8 kg.','2'), ('111','246','mesa de laboratorio','1'), ('112','246','opcional: set de pesos de 64 kg.','1'), ('113','246','opcional: set de pesos de 88 kg.','1'), ('114','246','consolidómetro de anillo fijo 2.5 con anillo de corte de muestra.','1'), ('115','247','anillo de carga de 50 kn','1'), ('116','247','pistón de penetración 1.95\" (49.5mm)','1'), ('117','247','indicador de dial de 25 mmx0.01mm','1'), ('118','247','soportes para reloj comparador','1'), ('119','247','opcional: moldes','1'), ('120','247','opcional: accesorios cbr','1'), ('121','247','sl-22a. pesos de sobrecarga anular','2'), ('122','247','sl-22b. pesos de sobrecarga ranurado','2'), ('123','247','sl-22c. disco espaciador','1'), ('124','247','sl-22d. plato perforado','1'), ('125','247','sl-22e. trípode','1'), ('126','247','opcional: indicador de cuadrante','1'), ('127','247','sl-22f. cuchilla cortadora','1'), ('128','247','sl-22g. malla filtro','100'), ('129','247','sl-22h. papel filtro','100'), ('130','247','sl-22i. molde cbr','1'), ('131','248','visualizador de nivelación de burbuja','1'), ('132','248','control deslizante','1'), ('133','248','cono de prueba de acero inoxidable de 35 mm longitud, ángulo de 30°','1'), ('134','248','masa de peso de 20 gr.','1'), ('135','248','taza de laton','2'), ('136','248','peso adicional, para el cono de de prueba','1'), ('137','248','norma: cen iso/ts 17892-06 (para determinación de la fuerza)','1'), ('138','250','anillo de carga xxx','1'), ('139','250','reloj comparador','1'), ('140','250','masa de peso','1'), ('141','250','carro de transporte','1'), ('142','250','estante','1'), ('143','250','motor','1'), ('144','252','martillo de compactación','1'), ('145','252','peso de correderas 4.53 kg','1'), ('146','253','molde base','1'), ('147','253','martillo','1'), ('148','254','medidor de flujo','1'), ('149','254','reloj comparador','1'), ('150','254','cabezal de rotura marshal de 4\"','1'), ('151','255','placa base','1'), ('152','255','molde','1'), ('153','255','collar','1'), ('154','257','tubo de viscosímetro de bronce','1'), ('155','257','tapón para viscosímetro','2'), ('156','257','orificio furol','1'), ('157','257','orificio universal','1'), ('158','257','llave de tubo','1'), ('160','257','llave de orificio','1'), ('161','257','pipeta/aspirador saybolt','1'), ('162','257','filtro de aceite','1'), ('163','257','aceite térmico','1'), ('164','257','termómetro saybolt (astm 17c)  rango: 19°c a 27°c; precisión: 0.1 °c','1'), ('165','257','termómetro saybolt (astm 18c)  rango: 34°c a 42°c; precisión: 0.1 °c','1'), ('166','257','termómetro saybolt (astm 19c)  rango: 49°c a 57°c; precisión: 0.1 °c','1'), ('167','257','termómetro saybolt (astm 20c)  rango: 57°c a 65°c; precisión: 0.1 °c','1'), ('168','257','termómetro saybolt (astm 21c)  rango: 79°c a 87°c; precisión: 0.1 °c','1'), ('169','257','termómetro saybolt (astm 22c)  rango: 95°c a 103°c; precisión: 0.1 °c','1'), ('170','258','cono hueco de latón, punta de acero','1'), ('171','259','frasco de pyrex','1'), ('172','259','anillos','2'), ('173','259','guía de centrado de bola','2'), ('174','259','bola','2'), ('175','259','termómetro (astm 15c)  rango: 2°c a 80°c; precisión: 0.2 °c','1'), ('176','259','plato de transferencia de calor eléctrico de incremento lento 220v, 50 hz','1'), ('177','259','plato de vaciado, conforme norma en1427','1'), ('178','260','medidor de flujo de 200 ml/min a 14.000 ml/min','1'), ('179','260','indicador de presión de aire de 0 a 100 psi','1'), ('180','260','barra giratoria','1'), ('181','260','jarros de vidrio','8'), ('182','261','globo de cristal de 500 ml','1'), ('183','261','-	receptor la capacidad de vidrio 25 ml con 0,1 ml de posgrado','1'), ('184','261','-	vidrio condensador de reflujo','1'), ('185','261','-	calentador eléctrico con termorregulador','1'), ('187','261','abrazaderas','2'), ('188','261','fuente de alimentación: 230v 1 fase 50-60hz','1'), ('189','263','calentador eléctrico con termoregulador','1'), ('190','263','frasco de destilacón','1'), ('191','263','condensador de tubo','1'), ('192','263','adaotador','1'), ('193','263','escudo','1'), ('194','263','receptor','1'), ('195','263','soporte','2'), ('196','263','probeta','1'), ('197','263','termómetro (astm 8c)  rango: 2°c a 400°c; precisión: 1 °c','1'), ('198','264','taza de laton','1'), ('199','264','termómetro ip 28c (astm 11c)  rango: -6°c a 400°c;','1'), ('200','264','calentador eléctrico con termoregulador','1'), ('201','265','papel filtro de 4 micrómetros, 10\"diámetro externo y 5 \" de diámetro interno','100'), ('202','265','motor abierto de 220v 50hz','1'), ('203','266','reloj comparador','1'), ('204','266','caja de madera','1'), ('205','268','briquetas de ductilidad','3'), ('206','268','placa de montaje','3'), ('207','270','broca de diamante de 4\"','1');
INSERT INTO `componente` VALUES ('208','270','motor 5 hp','1'), ('209','272','deposito de agua con válvula de desague','1'), ('211','272','opcional: balanza con gancho','0'), ('212','274','bateria','1'), ('213','274','gancho de transporte','1'), ('214','274','opcional: viga','0'), ('215','274','opcional: testigo','0'), ('216','274','opcional: cubo','0'), ('217','274','opcional: bolque','0'), ('218','274','otros','0'), ('219','274','disco de frenado','2'), ('220','274','almohadillas de neopreno','2'), ('221','274','durómetro 40 para cilindros de hormigón estándar 6”x12” (152x305mm).','1'), ('222','274','no incluye:discos de refrentado y almohadillas de neopreno para cilindros de hormigón de 4”x 8” (100x200mm) y otros.','0'), ('223','274','no incluye:dispositivo de flexión en vigas de hormigón de 4”x 4” y 6”x 6','0'), ('224','274','no incluye: dispositivo para cubos de hormigón y bloques de hormigón','0'), ('225','274','no incluye: dispositivo para ensayo brasilero (compresión transversal al diámetro).','0'), ('226','274','no incluye: dispositivo para vigas y bloques de mortero.','0'), ('227','274','no incluye: dispositivo compresímetro extensómetro para cilindros de hormigón.','0'), ('228','274','no incluye: dispositivo para medir deflexiones en vigas de hormigón.','0'), ('229','274','no incluye: mesa de soporte sólido de acero.','0'), ('230','274','manual de usuario','1'), ('231','275','opcional: viga','0'), ('232','275','opcional: testigo','0'), ('233','275','opcional: cubo','0'), ('234','275','opcional: bolque','0'), ('235','275','manos libres','1'), ('236','275','manual de usuario','1'), ('237','275','disco de refrentado (acero sae 1045) para cilindros de hormigón estándar 6”x12” (152x305mm).','2'), ('238','275','almohadillas de neopreno (durómetro 40) para cilindros de hormigón estándar 6”x12” (152x305mm).','2'), ('239','275','no incluye: discos de refrentado y almohadillas de neopreno para cilindros de hormigón de 4”x 8” (100x200mm) y otros.','0'), ('240','275','no incluye: dispositivo de flexión en vigas de hormigón de 4”x 4” y 6”x 6”.','0'), ('241','275','no incluye: dispositivo para cubos de hormigón y bloques de hormigón.','0'), ('242','275','no incluye: dispositivo para ensayo brasilero (compresión transversal al diámetro).','0'), ('243','275','no incluye: dispositivo para vigas y bloques de mortero.','0'), ('244','275','no incluye: dispositivo compresímetro extensómetro para cilindros de hormigón.','0'), ('245','275','no incluye: dispositivo para medir deflexiones en vigas de hormigón.','0'), ('246','275','no incluye: mesa de soporte sólido de acero.','0'), ('247','276','disco de refrentado (acero sae 1045) para cilindros de hormigón estándar 6”x12” (152x305mm).','2'), ('248','276','almohadillas de neopreno para cilindros de hormigón estándar 6”x12” (152x305mm).','2'), ('249','276','no incluye: discos de refrentado y almohadillas de neopreno para cilindros de hormigón de 4”x 8” (100x200mm) y otros.','0'), ('250','276','no incluye: dispositivo de flexión en vigas de hormigón de 4”x 4” y 6”x 6”.','0'), ('251','276','no incluye: dispositivo para ensayo brasilero (compresión transversal al diámetro).','0'), ('252','276','no incluye: dispositivo para cubos de hormigón y bloques de hormigón','0'), ('253','276','no incluye: dispositivo para vigas y bloques de mortero.','0'), ('254','276','no incluye: dispositivo compresímetro extensómetro para cilindros de hormigón.','0'), ('255','276','no incluye: dispositivo para medir deflexiones en vigas de hormigón.','0'), ('256','276','no incluye: mesa de soporte sólido de acero.','0'), ('257','277','disco de frenado acero sae 1045','2'), ('258','277','almohadillas de neopreno para cilindros de hormigón estándar 6”x12” (152x305mm).','2'), ('259','277','no incluye: discos de refrentado y almohadillas de neopreno para cilindros de hormigón de 4”x 8” (100x200mm) y otros.','0'), ('260','277','no incluye: dispositivo de flexión en vigas de hormigón de 4”x 4” y 6”x 6”.','0'), ('261','277','no incluye: cubo de hormigón y bloques de hormigón','0'), ('262','277','no incluye: dispositivo para ensayo brasilero (compresión transversal al diámetro).','0'), ('263','277','no incluye: dispositivo para vigas y bloques de mortero.','0'), ('264','277','no incluye: dispositivo compresímetro extensómetro para cilindros de hormigón.','0'), ('265','277','no incluye: dispositivo para medir deflexiones en vigas de hormigón.','0'), ('266','277','manual de usuario','1'), ('267','278','sensor de medidor de deformaciones','1'), ('268','278','juego par de platinas para compresión cilindros de hormigón 152x305','1'), ('269','278','retenedores de refrentado de acero  sae 1045','2'), ('270','278','almohadillas de neopreno de 12.7 mm de espesor','2'), ('271','278','opcional: juego para ensayo de flexión en vigas de concreto','1'), ('272','278','no incluye: discos de refrentado y almohadillas de neopreno para cilindros de hormigón de 4”x 8” (100x200mm) y otros.','0'), ('273','278','no incluye: dispositivo de flexión en vigas de hormigón de 4”x 4” y 6”x 6”.','0'), ('274','278','no incluye: dispositivo para cubos de hormigón y bloques de hormigón.','0'), ('275','278','no incluye: dispositivo para ensayo brasilero (compresión transversal al diámetro).','0'), ('276','278','no incluye: dispositivo para vigas y bloques de mortero.','0'), ('277','278','no incluye: dispositivo compresímetro extensómetro para cilindros de hormigón.','0'), ('278','278','no incluye: dispositivo para medir deflexiones en vigas de hormigón.','0'), ('279','278','no incluye: mesa de soporte sólido de acero.','0'), ('280','279','sensor de desplazamiento  lineal recorrido: 2\"; precisión de 0.01 mm','1'), ('281','281','pala','1'), ('282','281','embudo','1'), ('283','281','placa base','1'), ('284','281','cepillo','1'), ('285','281','cono de asentamiento (acero galvanizado)','1'), ('286','281','varilla apisonadora graduada, rango: 1 cm - 22 cm.','1'), ('287','281','cuchara de vaciado','1'), ('288','282','varilla apisonadora graduada, rango: 1 cm - 22 cm.','1'), ('289','282','bandeja de vaciado','1'), ('290','283','cilindro de fondo hemisférico de 30 lb','1'), ('291','283','manija está graduada en incrementos de 1/4\"(6,4 mm)','1'), ('292','284','recipiente de calibración','1'), ('293','284','tubo de calibración 24in (610mm','2'), ('294','284','varilla de apisonamiento','1'), ('295','284','jeringa de agua','1'), ('296','284','maletín','1'), ('297','284','manual de usuario','1'), ('298','284','cámara de fundición de aluminio 1/4ft³','1'), ('300','285','aguja de penetración, resistencia: 1\"','1'), ('301','285','aguja de penetración, resistencia: 1/2\"','1'), ('302','285','aguja de penetración, resistencia: 1/4\"','1'), ('303','285','aguja de penetración, resistencia: 1/10\"','1'), ('304','285','aguja de penetración, resistencia: 1/20\"','1'), ('305','285','aguja de penetración, resistencia: 1/40\"','1'), ('306','285','maletín','1'), ('307','286','aguja de penetración, resistencia: 1\"','1'), ('308','286','aguja de penetración, resistencia: 1/2\"','1'), ('309','286','aguja de penetración, resistencia: 1/4\"','1');
INSERT INTO `componente` VALUES ('310','286','aguja de penetración, resistencia: 1/10\"','1'), ('311','286','aguja de penetración, resistencia: 1/20\"','1'), ('312','286','aguja de penetración, resistencia: 1/40\"','1'), ('313','286','aguja de penetración, resistencia: 1/10\"','1'), ('314','289','la placa base desmontable de 6mm ±1mm','1'), ('315','298','yugos de aleación de aluminio','2'), ('316','298','barras de acero inoxidable','2'), ('317','298','reloj comparador de 0.0001\" (0.0025)','1'), ('318','300','estuche','1'), ('321','300','manual de usuario (con tablas de conversiones)','1'), ('322','303','marco','1'), ('323','303','escala graduada, rango: 0 mm - 50mm','1'), ('324','303','conjunto de embolo','1'), ('325','303','molde cónico plástico','1'), ('326','303','placa de vidrio','1'), ('327','303','opcional: punta modificada','1'), ('328','303','opcional: cono modificado','1'), ('329','306','molde cónico de bronce de 10\"','1'), ('330','306','apisonador de madera','1'), ('331','306','calibrador de flujo','1'), ('332','306','opcional: pedestal de madera','1'), ('333','307','manómetro de tubo u, con valvula','1'), ('334','307','soporte de acero','1'), ('335','307','celda de ensayo','1'), ('336','307','disco de avero','1'), ('337','307','embolo de acero','1'), ('338','307','aspiradora de goma','1'), ('339','307','disco de papel de filtro','100'), ('340','307','embudo plastico','1'), ('341','307','cepillo de limpieza','1'), ('342','307','termómetro','1'), ('343','307','liquido manométrico','1'), ('344','307','grasa de vaselina.','1'), ('345','309','vial','1'), ('346','309','tapone de goma','2'), ('347','309','vaso medidor de 159x29mm','1'), ('348','309','cepillo de limpieza','1'), ('349','309','botella squeeze alcohol','1'), ('350','309','manual de usuario','1'), ('351','309','estuche de plastico','1'), ('352','310','aspiradora de agua','1'), ('353','310','manómetro de columna de mercurio','1'), ('354','310','llave de tres vias','1'), ('355','310','plato de metal perforado','1'), ('356','310','embudo de vidrio','1'), ('357','310','válvula de mercurio','1'), ('358','310','papel filtro','100'), ('359','310','mercurio','1'), ('360','310','conjunto de de montaje en el soporte','1'), ('361','310','no incluye: bomba de vacío','1'), ('362','311','peso','2'), ('363','311','aguja de 2.12 mm de diámetro y 113 gr.','1'), ('364','311','aguja de 1.06 mm de diámetro y 453.6 gr.','1'), ('365','317','opcional: papel filtro','100'), ('366','317','opcional: tanque presurizado de nitrogeno','1'), ('367','318','base','1'), ('368','318','brazo graduado','1'), ('369','318','borde de cuchillo en la pestaña,','1'), ('370','318','nivel de burbuja','1'), ('371','318','contrapeso','1'), ('372','318','maletín de transporte','1'), ('373','320','recipiente de metal no corrosivo','1'), ('374','320','anillo de recogida','1'), ('375','320','pie de soporte','1'), ('376','320','cristaleria','2'), ('377','320','abrazadera doble','1'), ('378','322','tamiz de 8\" diámetro (203,2 mm)','1'), ('379','323','temporizador','1'), ('380','323','manual de usuario','1'), ('381','323','no incluye: tamices','0'), ('382','324','bandeja de tamiz (grueso)','5'), ('383','324','pala','1'), ('384','325','utensilio de hisopado','1'), ('385','325','hoja de cálculo de excel','1'), ('386','334','tapa','1'), ('387','335','caja de transporte','1'), ('388','335','balanza electrónica: rango 0-7 oz (0-200g),','1'), ('389','335','cubilete','1'), ('390','335','paño de limpieza','1'), ('391','335','tapa','1'), ('392','335','arandela','1'), ('393','335','cuchara','1'), ('394','335','bola de pulverización de acero','2'), ('395','335','carburo molido','1'), ('396','335','cepillo de limpieza','2'), ('397','339','tambor de acero, espesor: 1/2\"','1'), ('398','339','motor 1 hp','1'), ('399','339','bandeja de recogida de material','1'), ('400','339','bola de pulverización de acero','12'), ('401','340','recipiente con silica gel','1'), ('402','341','bandeja de recogida de material','2'), ('403','342','bandeja de recogida de material','2'), ('404','343','maso de mortero','1'), ('405','344','no incluye: frasco','2'), ('406','345','regilla','2'), ('407','348','bateria','2'), ('408','348','cable de energía rs232','1'), ('409','348','manual de usuario','1'), ('410','349','no incluye: cable de interface rs-232','0'), ('411','350','opcional: batería recargable 6v/4ah','1');
INSERT INTO `componente` VALUES ('412','350','opcional: adaptador','1');
INSERT INTO `email` VALUES ('3','lennyalpo@gmail.com',NULL), ('4','oscarcortez_m@hotmail.com',NULL), ('5','labotec-su-mat@hotmail.com',NULL), ('6','',NULL), ('7','ealcon@yahoo.es',NULL), ('8','',NULL), ('9','',NULL), ('10','cimarluis@hotmail.com',NULL), ('11','nanocusi@gmail.com',NULL), ('12','emunoz@iceingenieros.com',NULL), ('13','bawaddjigan@gmail.com',NULL), ('14','rguzman@coboce.com',NULL), ('15','jramonga77@gmail.com',NULL), ('16','silqm93@gmail.com',NULL), ('17','',NULL), ('18','zaida_amvi@hotmail.com',NULL), ('19','isaacperezpacheco@hotmail.com',NULL), ('20','gwcc_est@live.com',NULL), ('21','cedexcgm@supernet.com.bo',NULL), ('22','rodrigo.gomezsoliz@gmail.com',NULL), ('23','antonio.camc@gmail.com',NULL), ('24','converconst@gmail.com',NULL), ('25','carmyosita@gmail.com',NULL), ('26','rrojasruiz@hotmail.com',NULL), ('27','rauljuaniquina@gmail.com',NULL), ('28','camargogerman09@gmail.com',NULL), ('29','razm.555@hotmail.com',NULL), ('30','marceloapazat05@gmail.com',NULL), ('31','hnr.220173@hotmail.com',NULL), ('32','hidra.chelo@gmail.com',NULL), ('33','',NULL), ('34','lucimabelchacon@hotmail.com',NULL), ('35','armyman_dy@hotmail.com',NULL), ('36','ggggamboa@hotmail.com',NULL), ('37','paniagua381@hotmail.com',NULL), ('38','imerclurevi59@yahoo.es',NULL), ('39','globalrr@cotas.com.bo',NULL), ('40','gsalazar@fanacim.com.bo',NULL), ('41','lpazsoldan@upb.edu',NULL), ('42','jaime.hc@coteor.net.bo',NULL), ('43','rmorales@amvi.com.bo',NULL), ('44','darcienega@ibmetro.gob.bo',NULL), ('45','eduso@supernet.com.bo',NULL), ('46','colingciv@gmail.com',NULL), ('47','',NULL), ('48','',NULL), ('49','img_sergioantezana@yahoo.com',NULL), ('50','ricardo_valda@yahoo.es',NULL), ('51','',NULL), ('52','noropeza_borges@hotmail.com',NULL), ('53','',NULL), ('54','condoriga@hotmail.com',NULL), ('55','sasharito@hotmail.com',NULL), ('56','ingeo@cotes.net.bo',NULL), ('57','varitec.srl@gmail.com',NULL), ('58','',NULL), ('59','ramos@ucbcba.edu.bo',NULL), ('60','carlosherbasc@yahoo.es',NULL), ('61','jjlagrava@hotmail.com',NULL), ('62','',NULL), ('63','gerardo5041@htomail.com',NULL), ('64','',NULL), ('65','coordadmsur@loyola.edu.bo',NULL), ('66','lobol@ti-bo.com',NULL), ('67','rvalencia@supernet.com.bo',NULL), ('68','pavco@entelnet.bo',NULL), ('69','colinciviloruro@yahoo.es',NULL), ('70','remberto_obando@hotmail.com',NULL), ('71','',NULL);
INSERT INTO `institucion` VALUES ('1','comibol'), ('2','semapa'), ('3','alcaldia de cochabamba'), ('4','inypsa'), ('7','univ. mayor san francisco xavier'), ('8','fac. ciencias puras y naturales upea'), ('9','consultora cimar'), ('10','connal srl'), ('11','ice ingenieros sa'), ('12','alcaldia de sucre'), ('13','coboce'), ('14','escuela militar de ingenieria emi'), ('15','santa fe'), ('16','amvi'), ('17','particular'), ('18','cedex'), ('19','calzada costrucciones s.a. de cv'), ('20','china camc'), ('21','converconst empresa constructora'), ('22','instituto tecnologico ayacucho'), ('23','jefe de laboratorio suelos'), ('24','gam sacaba'), ('25','geolab'), ('26','mancomunidad de municipios de trópico de cochabamba'), ('27','pedestal srl'), ('28','cabezas hormigon'), ('29','tecash consultora multidisciplinaria srl.'), ('30','new dawn ingeniería especializada'), ('31','g'), ('32','g g constructora y consultora'), ('33','buildkonst construcciones civiles'), ('34','incotec srl'), ('35','globalrr'), ('36','argus fanacim'), ('37','upb universidad privada boliviana'), ('38','universidad técnica de oruro facultad nacional de ingenieria'), ('39','ibmetro'), ('40','eduardo srl'), ('41','colegio de ingenieros civiles'), ('42','lemaco'), ('43','c.s.h. laboratorio de suelos'), ('44','ingeniería antezana'), ('45','ecla'), ('46','ingeniería sismo  resistente'), ('47','ingeo'), ('48','varitec ingenieria y servicios'), ('49','universidad católica boliviana \"san pablo\"'), ('50','universidad mayor de san andres'), ('51','proyecto sucre ciudad universitaria'), ('52','unitepc universidad técnica privada cosmos'), ('53','udabol universidad de aquino bolivia'), ('54','universidad loyola'), ('55','tecnologías de información'), ('56','soboce'), ('57','pavco pavimentos y constriucciones'), ('58','obama'), ('59','china group');
INSERT INTO `persona` VALUES ('6',NULL,'lenny','alvarado','ponce','centro'), ('7',NULL,'oscar','cortez','meneses','av. calampampa'), ('8',NULL,'mauricio','valverde','-','la merced villa fátima #25'), ('12',NULL,'emeterio','alcon','jimenes','upea av. sucre'), ('13',NULL,'juan carlos','barron','-','calle estudiantes n°97'), ('14',NULL,'ramiro','delgadillo','daza','univ. mayor san francisco xavier'), ('15',NULL,'atilio','taboada','-','upea av. sucre'), ('16',NULL,'cimar','miranda','navarro',''), ('17',NULL,'fernado','cusicanqui','-',''), ('18',NULL,'erick ariel','muñoz','ponce de león','av. villazon'), ('19',NULL,'arturo','tapia','baltazar','av. venezuela'), ('20',NULL,'ruben','dario','guzman','av. capitán víctor ustariz km. 4,5'), ('21',NULL,'juan ramón','garcia','a.',''), ('22',NULL,'silvina','quispe','mamani',''), ('23',NULL,'ramiro','ferrufino','-',''), ('24',NULL,'zaida','mostacedo','montaño','villa tunari - paractito'), ('25',NULL,'isaac','perez','pacheco','bateon'), ('26',NULL,'george walker','carretero','cordero',''), ('27',NULL,'carlos','garcia','morales','lado guarderia isaac atie'), ('30',NULL,'rodrigo','gomez','soliz','lope de vega 117, polanco, miguel hidalgo'), ('31',NULL,'jose antonio','castellon','-','misicuni'), ('32',NULL,'veronica','cortez','c.',''), ('33',NULL,'carmiña','leaño','-','av. busch esquina plaza villarroel'), ('34',NULL,'rafael','rojas','ruiz','Av. 23 de Marzo N° 13'), ('35',NULL,'raul','juaniquina','-','posta'), ('36',NULL,'german','camargp','-',''), ('37',NULL,'roger amael','zenteno','martinez','av. circunvalación ii'), ('38',NULL,'mancomunidad','de los','munucipios','calle marcelo quiroga'), ('39',NULL,'nora','aspi','-',''), ('40',NULL,'marcelo','salgueiro','flores',''), ('41',NULL,'cabezas','hormigon','-',''), ('42',NULL,'lucy mabel','chacon','a.','av.chaco n. 663 entre av. beijin y grover suarez'), ('43',NULL,'armando d.','torrez','huayllas','av. america n 542 esq. arica.'), ('44',NULL,'gonzalo','gamboa','cordova',''), ('45',NULL,'leonardo','paniagua','z.',''), ('46',NULL,'luis','rejas','villaroel','calle dalence n° 342'), ('47',NULL,'roberto','villegas','-','av. santa cruz n° 709'), ('48',NULL,'gonzalo','salazar','m.','pi-8 parque industrial'), ('49',NULL,'luis paz','soldan','garcia','camino antigua a quillacollo km. 6.5'), ('50',NULL,'jaime','herrera','camargo','edificio hans block (ciudadela universitaria)'), ('51',NULL,'richard','morales','zapata','carretera cochabamba-santa cruz km.153'), ('52',NULL,'david','arcienega','llano','calle tumusla n° 510 esq. mexico'), ('53',NULL,'marcelo','eduardo','f.','av. oquendo n° s-0114 edf. libertad 1er piso'), ('54',NULL,'juan carlos','tarifa','machicao','av. ayacucho n° 0324 edf. muriel 4to piso'), ('55',NULL,'felix juan','alata','moreno','av. manco kapac n° 280'), ('56',NULL,'oscar','ajhuacho','cornejo','zona cruce taquiña av. circumbalacion torrentera lagostani'), ('57',NULL,'sergio','antezana','martinez','av. g. villarroel n°2016 esq. pasaje rosal'), ('58',NULL,'ricardo','valda','tapia','guzman de rojas n° 105'), ('59',NULL,'davor','vargas','-',''), ('60',NULL,'prefectura','potosi','-',''), ('61',NULL,'osvaldo','antezana','m.','m. r. terrazas 1275 4to piso'), ('62',NULL,'augusto','condori','gomez','potosi n° 351 f.t. uto'), ('63',NULL,'carlo a.','mendizabal','h.','calle las violetas 158'), ('64',NULL,'jorge','leon','davalos','av. jaime mendoza n° 1330'), ('65',NULL,'carlos','luna','viza','calle 25 de mayo n°789'), ('66',NULL,'gerson','andrade','taboada','av. destacamento 317 n° 2'), ('67',NULL,'jose carlos','ramos','blanco','av. general galindo esq. av. america'), ('68',NULL,'carlos','herbas','c.','calle 30 cota cota'), ('69',NULL,'juan jose','lagrava','caballero','calle calvo n° 132'), ('70',NULL,'juan carlos','rodriguez','o.','av. blanco galindo km. 7 1/2'), ('71',NULL,'g. elias','vera','palacios','rgto. campos esq. r.  adrade'), ('72',NULL,'marcelo enrique','borda','g.','3er anillo interno esq. radial 23'), ('73',NULL,'jorge','liendo','mendieta','av. michel esquina calle 7'), ('74',NULL,'gonzalo','cesar','landaeta','av.villarroel n° 1132 edf. condori piso 10'), ('75',NULL,'roberto','valencia','-','av. cap ustariz n° 4095'), ('76',NULL,'agustín','cortes','s.c.',''), ('77',NULL,'felix','mollo','cayo','belzu n° 650 vazquez y la paz'), ('78',NULL,'remberto','obando','r.','tiquipaya calle cochabamba n° 700'), ('79',NULL,'cecilia','-','-','');
INSERT INTO `persona_email` VALUES ('3','6'), ('4','7'), ('5','8'), ('7','12'), ('6','13'), ('8','14'), ('9','15'), ('10','16'), ('11','17'), ('12','18'), ('13','19'), ('14','20'), ('15','21'), ('16','22'), ('17','23'), ('18','24'), ('19','25'), ('20','26'), ('21','27'), ('22','30'), ('23','31'), ('24','32'), ('25','33'), ('26','34'), ('27','35'), ('28','36'), ('29','37'), ('30','38'), ('31','39'), ('32','40'), ('33','41'), ('34','42'), ('35','43'), ('36','44'), ('37','45'), ('38','46'), ('39','47'), ('40','48'), ('41','49'), ('42','50'), ('43','51'), ('44','52'), ('45','53'), ('46','54'), ('47','55'), ('48','56'), ('49','57'), ('50','58'), ('51','59'), ('52','60'), ('53','61'), ('54','62'), ('55','63'), ('56','64'), ('57','65'), ('58','66'), ('59','67'), ('60','68'), ('61','69'), ('62','70'), ('63','71'), ('64','72'), ('65','73'), ('66','74'), ('67','75'), ('68','76'), ('69','77'), ('70','78'), ('71','79');
INSERT INTO `producto` VALUES ('1','sin codigo','Banco de Montaje para Modelos Mecánicos',NULL,'1000',''), ('4','sin codigo','Segunda Ley de Newton',NULL,'1000',''), ('5','sin codigo','CANAL PARA LA ENSEÑANZA DE USO MÚLTIPLE',NULL,'1000','img5.jpg'), ('7','sin codigo','BANCO BÁSICO PARA HIDRODINÁMICA',NULL,'1000','img7.jpg'), ('8','sin codigo','EQUIPO DE PERDIDAS EN TUBERÍAS Y ACCESORIOS',NULL,'1000','img8.gif'), ('9','sin codigo','Métodos de Medición y Características de los Cuerpos',NULL,'1000','img9.JPG'), ('10','sin codigo','Fuerzas',NULL,'1000',''), ('13','sin codigo','Medición de la longitud',NULL,'1000','img13.gif'), ('14','sin codigo','Medición del volumen y la Densidad',NULL,'1000','img14.gif'), ('15','sin codigo','Aparato para Experimentos de Estática',NULL,'1000','img15.jpg'), ('16','sin codigo','Equilibrio de Fuerzas Coplanares',NULL,'1000','img16.jpg'), ('17','sin codigo','Equilibrio de Momentos de Torsión',NULL,'1000','img17.jpg'), ('18','sin codigo','Rozamiento en Plano Inclinado',NULL,'1000','img18.jpg'), ('19','sin codigo','Modelo Experimental de Movimiento Lineal',NULL,'1000','img19.jpg'), ('20','sin codigo','Movimiento en una dimensión en el carril con colchón de aire',NULL,'1000','img20.gif'), ('21','sin codigo','Caída libre',NULL,'1000','img21.gif'), ('22','sin codigo','Dispositivo de lanzamiento vertical y horizontal',NULL,'1000','img22.gif'), ('23','sin codigo','Movimiento de proyectiles',NULL,'1000','img23.gif'), ('24','sin codigo','Momento de Inercia Rotacional',NULL,'1000','img24.jpg'), ('25','sin codigo','Dinámica de un Cuerpo Rígido sobre el Plano Inclinado',NULL,'1000','img25.gif'), ('26','sin codigo','Aparato para Medir la Fuerza Centrípeta',NULL,'1000','img26.jpg'), ('27','sin codigo','Deformación Elástica en Alambres',NULL,'1000','img27.jpg'), ('28','sin codigo','Deformación de Resortes Helicoidales (Ley de Hooke)',NULL,'1000','img28.jpg'), ('29','sin codigo','Modelo de un Péndulo Compuesto',NULL,'1000','img29.jpg'), ('30','sin codigo','Modelo de Vibración Torsional',NULL,'1000','img30.jpg'), ('31','sin codigo','Modelo de Vibración Torsional con Resorte Espiral',NULL,'1000','img31.jpg'), ('32','sin codigo','Aparato para Demostración de Oscilaciones',NULL,'1000','img32.jpg'), ('33','sin codigo','Oscilaciones torsionales libres y amortiguadas',NULL,'1000','img33.jpg'), ('34','sin codigo','Ondas estacionarias en cuerdas',NULL,'1000','img34.jpg'), ('35','sin codigo','Velocidad del sonido',NULL,'1000','img35.jpg'), ('36','sin codigo','Tubo de Resonancia',NULL,'1000','img36.jpg'), ('37','sin codigo','Hidrostática',NULL,'1000','img37.jpg'), ('38','sin codigo','Empuje',NULL,'1000','img38.jpg'), ('39','sin codigo','Prensa Hidráulica',NULL,'1000','img39.jpg'), ('40','sin codigo','Demostración de la Ecuación de Bernoulli',NULL,'1000','img40.jpg'), ('41','sin codigo','Dilatación de sólidos',NULL,'1000','img41.jpg'), ('42','sin codigo','Calorimetría',NULL,'1000','img42.jpg'), ('43','sin codigo','Ley de Gases',NULL,'1000','default.jpg'), ('44','sin codigo','Experimentos Básicos de Electrostática',NULL,'1000','img44.jpg'), ('45','sin codigo','Líneas de campo eléctrico y líneas equipotenciales',NULL,'1000','img45.jpg'), ('46','sin codigo','Fuerzas en campos eléctricos',NULL,'1000','img46.jpg'), ('47','sin codigo','Capacitor de placas paralelas',NULL,'1000','img47.jpg'), ('48','sin codigo','Ley de Ohm',NULL,'1000','img48.jpg'), ('49','sin codigo','Puente de Wheastone',NULL,'1000','img49.jpg'), ('50','sin codigo','Leyes de Kirchoff',NULL,'1000','img50.jpg'), ('51','sin codigo','Circuitos eléctricos',NULL,'1000','img51.jpg'), ('52','sin codigo','Potencia eléctrica',NULL,'1000','img52.jpg'), ('53','sin codigo','Experimentos básicos de Magnetostática',NULL,'1000','default.jpg'), ('54','sin codigo','Fuerza en un campo eléctrico',NULL,'1000','default.jpg'), ('55','sin codigo','Ley de Biot Savart',NULL,'1000','default.jpg'), ('56','sin codigo','Transformador',NULL,'1000','default.jpg'), ('57','sin codigo','Motor &#8211; generador',NULL,'1000','default.jpg'), ('58','sin codigo','Circuitos con capacitores y bobinas',NULL,'1000','default.jpg'), ('59','sin codigo','EQUIPO PARA PRESIÓN HIDROSTÁTICA',NULL,'1000','img59.jpg'), ('60','sin codigo','DEMOSTRACIÓN DEL TEOREMA DE BERNOULLI.',NULL,'1000','img60.jpg'), ('61','sin codigo','DESCARGA POR ORIFICIOS',NULL,'1000','img61.jpg'), ('62','sin codigo','TURBINA PELTON.',NULL,'1000','img62.jpg'), ('63','sin codigo','ARIETE HIDRÁULICO ',NULL,'1000','img63.jpg'), ('64','sin codigo','EQUIPO PARA BOMBAS EN SERIE Y PARALELO',NULL,'1000','img64.JPG'), ('65','sin codigo','APARATOS PARA LA MEDIDA DE CAUDALES',NULL,'1000','img65.JPG'), ('66','sin codigo','EQUIPOS PARA MEDICIÓN DE COEFICIENTE DE ARRASTRE O FRICCIÓN EN ESFERAS',NULL,'1000','img66.JPG'), ('67','sin codigo','EQUIPO DE FLUJO POR VERTEDEROS',NULL,'1000','img67.JPG'), ('68','sin codigo','DEMOSTRACIÓN DEL EXPERIMENTO DE REYNOLDS',NULL,'1000','default.jpg'), ('69','sin codigo','MODELOS SECCIONADOS DE ACCESORIOS Y BOMBAS',NULL,'1000','img69.JPG'), ('70','sin codigo','Calibre de Longitud',NULL,'1000','img70.JPG'), ('71','sin codigo','Dispositivo de Calibre Proporcional (JDBlab)',NULL,'1000','img71.JPG'), ('72','sin codigo','Cono de absorción de arena y Pisón (JDBlab)',NULL,'1000','img72.jpg'), ('73','sin codigo','Picnómetro para Arena y Grava Fina (Importado) ',NULL,'1000','img73.JPG'), ('74','sin codigo','Tiras de valoración de Cloruro Quantab (Importado)',NULL,'1000','default.jpg'), ('75','sin codigo','Tiras de valoración de Sulfato (Importado)',NULL,'1000','default.jpg'), ('76','sin codigo','Recipiente de Reacción (JDBlab)',NULL,'1000','img76.JPG'), ('77','sin codigo','Máquina de los Ángeles y Accesorios (JDBlab)',NULL,'1000','img77.JPG'), ('78','sin codigo','Cabeza de rotura para ensayos de estabilidad Marshall',NULL,'1000','img78.jpg'), ('79','sin codigo','Cabeza de rotura Lottman',NULL,'1000','img79.JPG'), ('80','sin codigo','Accesorios Ensayos de Estabilidad Marshall',NULL,'1000','img80.jpg'), ('81','sin codigo','Indicador del flujo del asfalto con freno (JDBlab) ',NULL,'1000','img81.JPG'), ('82','sin codigo','Molde de Compactación (JDBlab)',NULL,'1000','img82.JPG'), ('83','sin codigo','Eyector de muestras de asfalto (JDBlab)',NULL,'1000','img83.jpg'), ('84','sin codigo','Dispositivo de presión de expansión (JDBlab)',NULL,'1000','img84.JPG'), ('85','sin codigo','Detectores de Altibajos (JDBlab)',NULL,'1000','img85.JPG'), ('86','sin codigo','Picnómetro de Vacío (JDBlab)',NULL,'1000','img86.JPG'), ('87','sin codigo','Manómetro de presión residual (JDBlab)',NULL,'1000','img87.JPG'), ('88','sin codigo','Botellas de gravedad específica Hubbard – Carmick',NULL,'1000','img88.JPG'), ('89','sin codigo','Bomba de Presión/Vacío económica',NULL,'1000','img89.JPG'), ('90','sin codigo','Penetrómetro de asfalto (JDBlab)',NULL,'1000','img90.JPG'), ('91','sin codigo','Baño para Penetrómetro',NULL,'1000','img91.JPG'), ('92','sin codigo','Viscosímetro Zeitfuchs de varillas cruzadas y soporte (Importado)',NULL,'1000','img92.JPG'), ('93','sin codigo','Viscosímetro del Asphalt Institute (Importado)',NULL,'1000','img93.JPG'), ('94','sin codigo','Sacamuestras Bacon (Importado)',NULL,'1000','img94.JPG'), ('95','sin codigo','Mezclador de Mortero (Importado)',NULL,'1000','img95.JPG'), ('96','sin codigo','Molde para Cubos (JDBlab)',NULL,'1000','img96.JPG'), ('97','sin codigo','Molde para Briquetas de Cemento (JDBlab)',NULL,'1000','img97.JPG'), ('98','sin codigo','Aparato Blaine',NULL,'1000','img98.JPG'), ('99','sin codigo','Matraz Le Chatelier (Importado)',NULL,'1000','img99.JPG'), ('100','sin codigo','Aparato de Vicat',NULL,'1000','img100.jpg'), ('101','sin codigo','Penetrómetro (JDBlab)',NULL,'1000','img101.JPG'), ('102','sin codigo','Aparato Gilmore',NULL,'1000','img102.JPG'), ('103','sin codigo','Mesa de Flujo (JDBlab) ',NULL,'1000','img103.JPG'), ('104','sin codigo','Expansión de Cal Hidratada Seca por el Método de Le Chatelier (JDBlab)',NULL,'1000','img104.JPG'), ('105','sin codigo','Medidor de entrada de aire en cemento (Importado)',NULL,'1000','img105.JPG');
INSERT INTO `producto` VALUES ('106','sin codigo','Medidor 400 ml (JDBlab)',NULL,'1000','img106.JPG'), ('107','sin codigo','Modelo del Mecanismo de Biela-Manivela',NULL,'1000','img107.jpg'), ('108','sin codigo','Modelo del Mecanismo de Biela Ranurada',NULL,'1000','img108.jpg'), ('109','sin codigo','Modelo del Mecanismo de Cuatro Barras',NULL,'1000','img109.jpg'), ('110','sin codigo','Modelo del Mecanismo de Retorno Rápido ',NULL,'1000','img110.jpg'), ('111','sin codigo','Modelo del Mecanismo de Acoplamiento de Rótula',NULL,'1000','img111.jpg'), ('112','sin codigo','Modelo del Mecanismo de Dirección ',NULL,'1000','img112.jpg'), ('113','sin codigo','Aparato para Demostración de Transmisiones Mecánicas',NULL,'1000','img113.jpg'), ('114','sin codigo','Modelo para Demostración de un Tren de Engranes',NULL,'1000','img114.jpg'), ('115','sin codigo','Modelo del Mecanismo de Leva',NULL,'1000','img115.png'), ('116','sin codigo','Modelo para Equilibrio de Momentos',NULL,'1000','img116.jpg'), ('117','sin codigo','Modelo para Equilibrio de Momentos con Diferencial',NULL,'1000','img117.jpg'), ('118','sin codigo','Modelo para Engranes con Dientes Rectos',NULL,'1000','img118.jpg'), ('119','sin codigo','Modelo para Demostrar Rozamiento en Bandas y Cuerdas',NULL,'1000','img119.jpg'), ('120','sin codigo','Modelo de Disco de Embrague',NULL,'1000','img120.jpg'), ('121','sin codigo','Aparato para Fricción en Rodamientos',NULL,'1000','img121.jpg'), ('122','sin codigo','Juego de Práctica de Equilibrio de Fuerzas',NULL,'1000','img122.jpg'), ('123','sin codigo','Aparato para Determinar la Eficiencia en Tornillos',NULL,'1000','img123.jpg'), ('124','sin codigo','Aparato para Determinar la Eficiencia en Roscas',NULL,'1000','img124.jpg'), ('125','sin codigo','Aparato de Fricción en Correas',NULL,'1000','img125.jpg'), ('126','sin codigo','Aparato de Medición de Fricción en Frenos de Tambor',NULL,'1000','img126.jpg'), ('127','sin codigo','Martillo para la clasificación de rocas (JDBlab)',NULL,'1000','img127.jpg'), ('128','sin codigo','Plantillas de colores de rocas (Importado)',NULL,'1000','default.jpg'), ('129','sin codigo','Aparato de carga concentrada',NULL,'1000','img129.jpg'), ('130','sin codigo','Aparato de resistencia al fraccionamiento Slake',NULL,'1000','img130.JPG'), ('131','sin codigo','Agitador mecánico',NULL,'1000','default.jpg'), ('132','sin codigo','Recipiente de vidrio para baños.',NULL,'1000','default.jpg'), ('133','sin codigo','Tamizador Motorizado.',NULL,'1000','img133.JPG'), ('134','sin codigo','Tamices Certificados (Importados)',NULL,'1000','default.jpg'), ('135','sin codigo','Tamices para lavado en Húmedo. (Importados)',NULL,'1000','default.jpg'), ('136','sin codigo','Cepillos para Tamiz. (Importado)',NULL,'1000','default.jpg'), ('137','sin codigo','Maquina de compresión capacidad 1112 kN (marca: JDBlab)',NULL,'1000','img137.JPG'), ('138','sin codigo','Maquina de flexión portátil. (marca: JDBlab)',NULL,'1000','img138.JPG'), ('139','sin codigo','Compresómetro – extensómetro para cilindros de hormigón',NULL,'1000','img139.JPG'), ('140','sin codigo','Compresómetro para cilindros de hormigón (marca: JDBlab)',NULL,'1000','img140.JPG'), ('141','sin codigo','Molde cilíndrico de acero (marca: JDBlab)',NULL,'1000','img141.jpg'), ('142','sin codigo','Moldes plásticos cilíndricos (Importados)',NULL,'1000','img142.JPG'), ('143','sin codigo','Molde de alta resistencia para vigas (marca: JDBlab)',NULL,'1000','img143.JPG'), ('144','sin codigo','Moldes Cúbicos (marca: JDBlab)',NULL,'1000','img144.JPG'), ('145','sin codigo','Transportador de cilindros para servicio pesado (JDBlab)',NULL,'1000','img145.JPG'), ('146','sin codigo','Micrómetro para hormigón (Importado)',NULL,'1000','img146.JPG'), ('147','sin codigo','Mesa Vibratoria (marca: JDBlab)',NULL,'1000','img147.JPG'), ('148','sin codigo','Vibrador de Laboratorio',NULL,'1000','img148.JPG'), ('149','sin codigo','Martillo para ensayos de hormigón o esclerómetro (Importado)',NULL,'1000','img149.JPG'), ('150','sin codigo','Microscopio de detección (Importado)',NULL,'1000','img150.JPG'), ('151','sin codigo','Dispositivo Calibrado para el Monitoreo de Grietas (Importado)',NULL,'1000','img151.JPG'), ('152','sin codigo','Localizador Rebar Económico (Importado)',NULL,'1000','img152.JPG'), ('153','sin codigo','Comprobador de Adhesión de Materiales (Importado)',NULL,'1000','img153.JPG'), ('154','sin codigo','Sistema de Ensayo de Permeabilidad de Concreto (Importado)',NULL,'1000','img154.JPG'), ('155','sin codigo','Medidor de Humedad (Importado)',NULL,'1000','img155.JPG'), ('156','sin codigo','Carbo Detect Kit de Detección de Carbonatación (Importado)',NULL,'1000','img156.JPG'), ('157','sin codigo','Indicador del Contenido de Aire en el Hormigón (Importado)',NULL,'1000','img157.JPG'), ('158','sin codigo','Roll &#8211; A &#8211; Meter (Importado)',NULL,'1000','img158.JPG'), ('159','sin codigo','Conjunto para ensayos de asentamiento (JDBlab)',NULL,'1000','img159.jpg'), ('160','sin codigo','Aparato Nelly Ball',NULL,'1000','img160.JPG'), ('161','sin codigo','Dispositivo de Ensayos K-Slump (Importado)',NULL,'1000','img161.JPG'), ('162','sin codigo','Medidor de Flujo Digital (Importado)',NULL,'1000','img162.JPG'), ('163','sin codigo','Aparato Factor de Compactación',NULL,'1000','img163.JPG'), ('164','sin codigo','Balanza de Flotabilidad',NULL,'1000','img164.JPG'), ('165','sin codigo','Conjunto de Permeámetro de Alta Presión (marca: JDBlab)',NULL,'1000','img165.JPG'), ('166','sin codigo','Equipo para Ensayo de Permeabilidad. (marca: JDBlab)',NULL,'1000','img166.JPG'), ('167','sin codigo','Aparato de Ensayo de Dispersión de Orificio',NULL,'1000','img167.JPG'), ('168','sin codigo','Aparato de Consolidación Neumático',NULL,'1000','img168.JPG'), ('169','sin codigo','Aparato de Consolidación de Mesa',NULL,'1000','img169.jpg'), ('170','sin codigo','Consolidómetro de Anillo Fijo de 50 mm. con anillo de corte de muestra   (marca JDBlab).   ',NULL,'1000','img170.jpg'), ('171','sin codigo','Consolidómetro de Anillo Flotante (marca JDBlab)',NULL,'1000','img171.JPG'), ('172','sin codigo','Aparato para determinar el índice de Expansión.',NULL,'1000','img172.JPG'), ('173','sin codigo','Medidor de cambio de volumen del suelo (marca JDBlab)',NULL,'1000','img173.JPG'), ('174','sin codigo','Aparato Manual para la Compresión no confinada',NULL,'1000','img174.jpg'), ('175','sin codigo','Aparato Manual para: <br>Ensayo de Compresión no Confinada<br>Ensayo de Relación Soporte California [CBR]<br>Ensayos Rápidos Triaxial sin Drenaje',NULL,'1000','img175.JPG'), ('176','sin codigo','Maquina de Compresión:<br>Ensayos de Compresión no confinada<br>Ensayo de Relación Soporte California [CBR]<br>Ensayos Rápidos Triaxiales sin Drenaje<br>Ensayos de Estabilidad Marshall',NULL,'1000','img176.JPG'), ('177','sin codigo','Molde y Martillo de Compactación, Proctor estándar y Modificado (marca JDBlab)',NULL,'1000','img177.JPG'), ('178','sin codigo','Eyector de muestras jdblab',NULL,'1000','img178.JPG'), ('179','sin codigo','Cono de Densidad de Arena (importado)',NULL,'1000','img179.JPG'), ('180','sin codigo','Cono de densidad de arena de 305 mm (12 pulg.) (Importado)',NULL,'1000','img180.JPG'), ('181','sin codigo','Volumeasure (Importado)',NULL,'1000','img181.JPG'), ('182','sin codigo','Muestradores de impulsión de densidad (marca jdblab)',NULL,'1000','img182.JPG'), ('183','sin codigo','Varilla Sonda (marca JDBlab)',NULL,'1000','img183.JPG'), ('184','sin codigo','Comprobador de Humedad Speedy (Importado)',NULL,'1000','img184.JPG'), ('185','sin codigo','Medidor Digital de Humedad de Suelos (Importado)',NULL,'1000','img185.JPG'), ('186','sin codigo','Medidor de pH y Humedad de Suelos (Importado)',NULL,'1000','img186.JPG'), ('187','sin codigo','Penetrómetro de Compactación de Suelos (Importado)',NULL,'1000','img187.JPG'), ('188','sin codigo','Tensiómetro (Importado)',NULL,'1000','img188.JPG'), ('189','sin codigo','Set para prácticas de:<br>1.	Determinación del contenido de humedad.<br>2.	Determinación de la gravedad específica.<br>3.	Análisis del tamaño de partícula (método hidrómetro).<br>4.	Determinación de l',NULL,'1000','img189.JPG'), ('190','sin codigo','Aparato de Cono de Caída',NULL,'1000','img190.JPG'), ('191','sin codigo','Penetrómetro de Cono jdblab',NULL,'1000','img191.JPG'), ('192','sin codigo','Penetrómetro de Bolsillo (importado)',NULL,'1000','img192.JPG'), ('193','sin codigo','Barrena de Mano',NULL,'1000','img193.JPG'), ('194','sin codigo','Indicadores de nivel de agua, métricos. (Importado)',NULL,'1000','img194.JPG'), ('195','sin codigo','Maquina de secado último mecánico',NULL,'1000','img195.JPG'), ('196','sin codigo','Métodos de Medición y Características de los Cuerpos',NULL,'1000','default.jpg'), ('197','sin codigo','Fuerzas',NULL,'1000','default.jpg'), ('198','sin codigo','Dilatación y Propagación del Calor',NULL,'1000','default.jpg'), ('199','sin codigo','Energía Térmica y Estados de la Materia',NULL,'1000','default.jpg'), ('200','sin codigo','Equipo para Electrostática',NULL,'1000','default.jpg'), ('201','sin codigo','Carga y Campos Eléctricos',NULL,'1000','default.jpg'), ('202','sin codigo','Circuitos Electrónicos Básicos',NULL,'1000','default.jpg'), ('203','sin codigo','Circuitos Eléctricos Básicos',NULL,'1000','default.jpg'), ('204','sin codigo','Propagación y Reflexión de la luz',NULL,'1000','default.jpg'), ('205','sin codigo','Refracción y Lentes',NULL,'1000','default.jpg');
INSERT INTO `producto` VALUES ('206','sin codigo','Instrumentos Ópticos',NULL,'1000','default.jpg'), ('207','sin codigo','Balanzas',NULL,'1000','img207.JPG'), ('208','sin codigo','Mobiliario para Laboratorios',NULL,'1000','default.jpg'), ('209','sin codigo','1. Penetrómetro de Cono Dinámico, DCP (juego para ensayo)',NULL,'1000','img209.jpg'), ('210','sin codigo','2. Penetrómetro de cono dinámico de doble masa, DCP',NULL,'1000','img210.jpg'), ('211','sin codigo','3. Penetrómetro de cono dinámico para trabajo pesado, DCP ',NULL,'1000','bob.jfif'), ('212','sin codigo','4. Penetrómetro Dinámico de Cono de una masa, DCP',NULL,'1000','img212.jpg'), ('213','sin codigo','6. Equipo de carga de placa',NULL,'1000','img213.jpg'), ('214','sin codigo','7. Aparato de densidad de balón',NULL,'1000','img214.jpg'), ('215','sin codigo','8.  Cono de arena',NULL,'1000','img215.png'), ('216','sin codigo','9. Cono de arena 12 Pulgada',NULL,'1000','img216.png'), ('217','sin codigo','test1',NULL,'1000','default.jpg'), ('218','sc-01','penetrómetro de cono dinámico, dcp','juego para ensayo, uso para casi todos los tipos de suelos. el juego para 10ft. incluye: \r\nun martillo de guía deslizante\r\nuna punta de penetrómetro de cono 60º tratado con calor con una varilla adaptadora de 1 ft. \r\ncuatro extensiones de varilla de perforación e de 2.5 ft. \r\nun cabezal para taladro\r\nun taladro de manilla t\r\ncuatro extensiones de taladro de 36”.\r\npublicación técnica especial astm # 39','0','SC-01.jpg'), ('219','sc-05','ensayo de penetración estándar spt','es un tipo de penetración dinámica, empleada para ensayar terrenos en los que queremos realizar un reconocimiento geotécnico.\r\nconsiste en medir el número de golpes necesarios para introducir una cuchara (cilíndrica hueca), una determinada profundidad, que permite tomar una muestra, naturalmente alterada en su interior.\r\nel peso de la masa está normalizado, así como la altura de caída libre, siendo de 63,5 kilogramos y 76 centímetros, respectivamente. constituido de un trípode con polea provista de cojinetes, para reducir la fricción y articulaciones, en las 3 columnas del trípode para su fácil elevación en cualquier topografía de terreno, los otros extremos del trípode tienen puntas de acero con pisaderas  para su fácil anclaje en terreno. el motor con malacate se instalan rápidamente en una de las columnas del trípode y se puede ajustar la inclinación para su trabajo horizontal. todo el equipo es desmontable y relativamente liviano para su fácil transporte. solamente requiere de gasolina para su funcionamiento. fácil accionamiento, velocidad de golpeo regulable. para la extracción segura y sin alterar la muestra dentro la cuchara ya hincada a buena profundidad, en suelos muy cohesivos se dispone de un guinche manual de 2 ton, montado en la parte superior y tiene un dispositivo que permite el inmediato cambio entre el golpeteo y la extracción.\r\nel equipo cumple con la norma astm d1586 y aashto t206\r\neste equipo permite el intercambio inmediato entre el golpeteo manual y/o motorizado y la extracción con el guinche, por medio de un sistema mecánico que se opera desde la posición normal del operador en el suelo, sin necesidad de que este tenga que subir en el trípode y así garantizar la seguridad de todos los operarios, el sistema manual de levantamiento de la masa para el golpeteo, está diseñado para que reduzca el esfuerzo a la mitad de lo necesario. el equipo tiene todo lo necesario y está listo para usarse hasta una penetración de 3.5 metros, para mayores profundi','0','SC-05.jpg'), ('220','sc-08','cono de arena','es un método económico de determinar la densidad in situ de suelos con partículas de hasta 2in (51 mm). utiliza volúmenes de agujeros de prueba de aprox. 0.1 ft3 (2.8l)\r\nde 1gal frasco de plástico roscado (3.8l) con guarnición de doble cono desmontable. el cono de metal está roscado en un extremo, con bridas para 6-1/2in (165 mm) en el otro, con una válvula cilíndrica de 1/2pulgadas (12,7 mm) de diámetro. orificio entre los extremos. la válvula tiene topes para prevenir rotación posiciones completamente abiertas o cerradas','0','SC-08.png'), ('221','sc-02','penetrómetro de cono dinámico de doble masa, dcp','el kit del dcp estándar mide la resistencia a la cizalladura de suelo con un cbr entre 0,5-100% y de 430 a 10.800 libras por pie cuadrado. este kit es ideal para un solo operador en la ciudad o departamentos para carreteras y empresas geotécnicas. el cbr y psf (libras por pie cuadrado) se pueden estimar en el campo de las tablas en el manual y se representan mediante plantillas de excel, incluido en el cd.','0','SC-02.jpg'), ('222','sc-03','penetrómetro de cono dinámico para trabajo pesado, dcp','permite una evaluación rápida y económica de los suelos y un suministro de información sobre la estratificación del suelo. el dcp es comúnmente utilizado para las evaluaciones de equilibrio y también se puede utilizar para evaluar cuando debe ser verificada la compactación. esta herramienta consiste en un conjunto de martillo deslizante con un martillo 10-libras que se deja caer 24 pulgadas. el eje del martillo de correa está fabricado en una pieza de acero de aleación. este dispositivo utiliza una extensión de eje de 36 \" con incrementos marcados de 6 \" a lo largo de su longitud. hay una punta de cono de 60 grados endurecido y debe tener un cono de diámetro mayor que el diámetro del eje, este ayuda a reducir la fricción lateral a lo largo de la longitud del árbol de extensión. los ejes de extensión pueden estar unidos de extremo a extremo para lograr una profundidad de 9 pies.','0','SC-03.jpg'), ('223','sc-04','penetrómetro dinámico de cono de una masa, dcp','se utiliza para estimar la resistencia a la cizalladura, de suelo muy débil con un suelos menos de 20 libras por pie cuadrado y menos de 4.000. tablas en el manual proporcionan correlaciones con los valores de cbr y libras por pie cuadrado para, las tasas de penetración de intervalos de 2 \", 4\" y 6”.','0','SC-04.jpg'), ('224','sc-06','equipo de carga de placa','el  equipo esta provisto con un plato de carga, que está equipado con un dispositivo central para medir la deformación estática de carreteras firmes (ev2) con la viga benkelman, y la capacidad de carga de un suelo in situ (estándar: cnr n. 146, método a)\r\nla placa prevé también tres orificios laterales roscadas para tres mediciones del punto de la capacidad de carga de un suelo in situ (normas: cnr 146 n. método b / bs 1377:9 / astm d1195 / astm d1196 / cnr n. 92)\r\nse suministra con dispositivo de enganche para el gato hidráulico.','0','SC-06.jpg'), ('225','sc-07','aparato de densidad de balón','se utiliza para determinar la densidad in-situ de suelo finos, suelos gradados compactados o suelos unidos.\r\nel aparato se coloca sobre el agujero excavado en el suelo, y el agua se bombea desde un globo de goma y es forzado en el agujero. la cantidad de agua desplazada hacia el balón se mide a partir de la graduación de la escala.\r\nel instrumento consiste en un cilindro graduado alojado dentro de un bastidor.','0','SC-07.jpg'), ('226','sc-09','cono de arena 12 pulgadas','aparato de cono de arena de gran diámetro de 12 pulgadas (305 mm) se utiliza para la densidad de gravas y suelos gruesos en las que es necesario un agujero más grande para obtener resultados precisos. la unidad cuenta con dos conos idénticos con la válvula en el centro. cilindro de metal unido a la parte superior del cono tiene un extremo de plástico transparente para ver el flujo de la arena y se encarga de llevar. una placa de densidad circular está incluida','0','SC-09.jpg.png'), ('227','sc-23','equipo para ensayo cbr de campo','se utiliza para determinar de forma rápida y eficiente la capacidad portante de los suelos en la construcción de carreteras, fundaciones, camino explanada etc.\r\nconsta de un gato mecánico con certificado de calibración, accesorios para montaje a cualquier tipo de vehículo','0','SC-23.jpg.png'), ('228','sl-10','limite líquido','el equipo posee un con contador automático, ya que, el limite liquido es el punto en que las dos mitades de una muestra de suelo fluyen juntas cuando sacudido 25 veces de una manera específica. todos los modelos constan de una taza de latón suspendido de un carro diseñado para controlar su caída exactamente 1 cm sobre una base de resilencia adecuada. la altura de caída se ajusta con una tuerca en la parte trasera del carro de copas con el medidor en un extremo. incluye herramienta de ranurado plano astm y bloque patrón para el ajuste de la altura de caída y contador','0','SL-10.jpg'), ('229','sl-09','limite de plasticidad. juego para ensayo','incluye todos los aparatos recomendados para efectuar las pruebas de límite de plasticidad de acuerdo a las especificaciones.\r\ntodos sus componentes están disponibles también como piezas de repuesto. cumple normas astm d4318; aashto t90.','0','SL-09.jpg'), ('230','sl-11','límite de contracción, juego para ensayo','este aparato sirve para efectuar pruebas de límite de contracción de acuerdo a especificaciones. \r\nlos componentes también están disponibles como piezas de repuesto. cumple normas astm d427; aashto t92.','0','SL-11.jpg'), ('231','sl-11c','limite de plástico rodillo','es un dispositivo de ahorro de tiempo único, diseñado para producir resultados consistentes con una técnica mecánica fácilmente repetible. astm aceptada y aprobada por el dot de tejas.\r\nlos métodos tradicionales requieren balanceo repetitivo con la mano entre la palma de la mano o los dedos y una placa de vidrio mientras es necesaria la estimación visual del punto de parada 1/8in diámetro (3,2 mm). los resultados son altamente dependientes de la técnica y el juicio de los operadores individuales. \r\nel dispositivo de rollos de límite plástico consiste en placas de rodillos superior e inferior separadas por 1/8in (3,2 mm) con rieles laterales. las superficies de contacto de las placas se cubren con hojas de papel absorbente con reverso adhesivo especial. las muestras de suelo se enrollan entre la placa superior móvil y la placa inferior fija.','0','SL-11C.jpg'), ('232','sl-12','aparato de orificio de dispersión','esta prueba se utiliza para evaluar la erosionabilidad de los suelos arcillosos por el agua que fluye a través de un pequeño orificio que se perforó a través de la muestra compactada. la cámara de prueba tiene un anillo de sujeción único para sujetar el molde a la base. incluido la cámara con pantallas, soporte de base, depósito de nivel constante, tubos, conexiones, pipeta y una herramienta para la perforación del agujero de alfiler. la tapa tiene un orificio guía para taladrar el agujero de 1,0 mm (0,040 \") a través de la muestra. todas las piezas son resistentes a la corrosión. cumple con la norma astm d4647.','0','SL-12.jpg'), ('233','sl-13','equipo para equivalente de arena','el juego cumple normas astm d2419; aashto t176.los componentes individuales se pueden pedir como piezas de repuesto.','0','SL-13.jpg'), ('234','sl-14','agitador para equivalente de arena','agitador a motor para la prueba de equivalencia de arena. se recomienda para las muestras en laboratorio. la agitación repetitiva y consistente del aparato elimina variaciones causadas por el operador. las operaciones de agitación entregan un recorrido de 8” (203mm) a una velocidad de 175 ± 2 golpes por minuto). \r\ncumple normas astm d2419; aashto t176.','0','SL-14.jpg.png'), ('235','sl-15','conjunto para análisis hidrométricos','este equipo es empleado para el análisis del tamaño de partículas de suelos que pasan el tamiz nº200.','0','SL-15.jpg'), ('236','sl-16','molde de compactación estándar, 4\" de diámetro','molde proctor estándar de 4” con placa base desmontable, provista de tuercas mariposa. fabricado en acero galvanizado. según normas astm d-558, d-559, d-560, d-698, d-1557; aashto t-99,t-134,t-135,t-136,t-180','0','SL-16.jpg'), ('237','sl-17','molde de compactación modificado, 6\" de diámetro','molde de compactación modificado 6” con placa base desmontable, provisto de tuercas mariposa. fabricado en acero galvanizado. según normas astm d-698, d-1557; aashto t-99,','0','SL-17.jpg'), ('238','sl-18','martillo de compactación estándar, 2,5 kg. de masa','caída de 12 pulg., peso de 2,5 kg. el martillo está provisto de una cabeza integral torneada. esta técnica de fabricación elimina la posibilidad de que la cabeza se desprenda al ser golpeada accidentalmente por un martillazo ascendente durante el proceso de compactación. según normas astm d-558, d-559, d-560, d-698, d-1557; aashto t-99,t-134,t-135,t-136,t-180','0','SL-18.jpg'), ('239','sl-19','martillo de compactador modificado, 4.5 kg. de masa','diseñado para dejar caer un peso de 10 lbs. a una distancia de 18”. peso.\r\nsegún normas astm d-698, d-1557; aashto t-99,t-180','0','SL-19.jpg'), ('240','sl-20','pisón y molde cónico','el cono de absorción de arena y pisón se utilizan para verificar la humedad superficial de la arena mediante la cohesión de partículas.\r\nconstruido en bronce 40mm id en la parte superior, 90mm id en la parte inferior y 75mm de alto incluye el pisón de acero de 25.4 mm y de 340g para apisonar.','0','SL-20.jpg'), ('241','sl-21','picnómetro para arena y grava fina','el picnómetro para arena y grava fina se utiliza para la determinación de la gravedad específica de la arena y grava fina.\r\nparte superior con moldeado de precisión, chapada para su resistencia a la oxidación y larga duración. \r\narandela de goma que asegura un cierre hermético entre la parte superior y la jarra es de 0,9 litros (1 qrt.) de capacidad, \r\ntapa moldeada; orificio de 9,5 mm (3/8 pulg.); roscada a la jarra. cumple norma astm c-128 y aashto t-84.','0','SL-21.jpg.png'), ('242','sl-33','eyector de muestras manual','de operación manual hidráulica, se diseña para empujar afuera muestras que tienen de día. 4” y 6”. marshall, cbr, proctor estándar y modificado.','0','SL-33.jpg.png'), ('243','sl-35','equipo para ensayos de permeabilidad en suelos carga constante y carga variable','para el uso con suelos en la determinación del coeficiente de permeabilidad a través del método de carga constante y tambien para carga variable de agua. unidad compacta incluye tubo del manómetro, con escala y base soporte para permeámetro unido a una plataforma. depósito de nivel constante con válvula de entrada, salida y tubo de desborde para mantener un nivel constante. \r\nse entrega completo con: permeámetro; tubo del manómetro; depósito de carga constante; piedras porosas, cilindro graduado para medir el caudal, cronómetro, es de fácil cambio entre carga constante a carga variable y viceversa, el permeámetro es de 4” de acero galvanizado y está diseñado para poderse compactar en el mismo molde permeámetro.','0','SL-35.jpg'), ('244','sl-37','aparato manual para la compresión inconfinada','peso relativamente ligero y funcionamiento manual, para uso bien sea en el laboratorio o en campo.\r\nranuras concéntricas en las platinas para facilitar el centrado de los especímenes de ensayo.\r\nconjunto de platina superior ajustable para poder realizar ensayos de muestras de hasta 203 mm (8 pulg.) de longitud. \r\nse suministra completo y listo para su puesta en servicio.\r\nel ensayo de compresión inconfinada constituye un método muy importante a la hora de determinar la resistencia al corte de los suelos cohesivos y semi-cohesivos.\r\neste ensayo se utiliza de manera general para proporcionar la información necesaria en lo referente al diseño y construcción de estructuras de ingeniería civil de todo tipo, como por ejemplo, edificios, puentes, presas y terraplenes.\r\nnuestros aparatos de ensayo, de peso ligero y funcionamiento manual, son elementos independientes que no requieren conexiones eléctricas o de presión.\r\nlas cargas de ensayo se aplican sobre el espécimen mediante un dispositivo de engranajes situado en la base totalmente cerrada. el tren de engranaje se acciona mediante una manivela de aluminio de dos piezas. el coeficiente de deformación se puede regular durante el ensayo, girando la manivela hasta el nivel deseado. las cargas aparecen indicadas en la unidad compuesta por el anillo de carga y el cuadrante indicador. las lecturas del cuadrante se convierten a la unidad de carga aplicada sobre el espécimen con la ayuda de los gráficos de calibración que se suministran con cada unidad.\r\ncumple con las normas astm d-2166 y aashto t-208','0','SL-37.jpg'), ('245','sl-38','cortador de muestras','de ajuste para el corte de muestras de diámetros precisos. maneja muestras de hasta 3 \" mediante el empleo de los platos fácilmente intercambiables. pernos de acero en la parte superior del pedestal y placa sostienen muestra en su posición. conjunto de cojinetes platina se baja y se bloquea, con sierra de hilo. sirve para cortar las muestras para diferentes ensayos donde se requiere barras circulares de suelo, como por ejemplo para compresión no confinada','0','SL-38.jpg'), ('246','sl-42','aparato de consolidación de mesa','la relación triple de la viga minimiza los requerimientos de peso como carga\r\ncapacidad máxima de carga 48 ton/pie2 (5,148 kpa)\r\nconstrucción de acero y aluminio para resistencia a la corrosión y mayor durabilidad\r\namplio rango de celdas de consolidación disponibles en anillofijo, anillo flotante, permeabilidad y diseños de contra presión.\r\npesos de carga en kg.\r\ndisponible con dial indicador mecánico estándar. \r\n\r\nel bastidor de consolidación está diseñado para trabajos duros por su diseño resistente, fabricado con una  plataforma de aluminio y  varillas verticales de acero galvanizado. el brazo de carga posee una relación de 9:1, 10:1, y 11:1  para mayor flexibilidad y requerimientos de peso de carga. al usarla relación de 10:1 en muestras de 2.5” (63mm) de diámetro, el sistema es capaz de producir una carga de hasta 48 ton/pie2 (5,148kpa).\r\n\r\ncumple con las normas astm d2435; d454 y aashto t216','0','SL-42.jpg'), ('247','sl-22','prensa de carga mecánica para cbr','prensa de estructura sólida con marco de carga, que resiste los esfuerzos y deformaciones, para la capacidad de la prensa, provisto con mecanismo mecánico manual, para ejercer la carga que tiene la velocidad constante normalizada, para ensayos cbr bajo normas astm y asshto. la prensa, incluye un anillo de carga con certificado de calibración de 11.000 lbf (50 kn), un pistón de penetración de 1.95\" (49.5mm) de diámetro. (3 pulg2 de área), un indicador de dial de 25 mmx0.01mm y un soporte porta dial para reloj comparador. los moldes y accesorios cbr se piden por separado. cumple con la norma astm d1883, aashto t193.','0','SL-22.jpg'), ('248','sl-39','penetrómetro para suelos y asfalto','este equipo para asfaltos \r\ncuenta con los accesorios nesesarios para practicas en suelos.\r\nlÍmite lÍquido\r\nla prueba se basa en la relación entre el contenido de humedad en los suelos de arcilla, que pasan de un estado plástico a un estado líquido. este valor se obtiene a partir de la capacidad de penetración del cono estándar permitido a la caída libre en la muestra por un período de 5 segundos.\r\nresistencia al corte\r\nel penetrómetro de cono también es adecuado para medir la fuerza cortante no drenada de las muestras de suelo.','0','SL-39.jpg'), ('249','sl-34','panel de control para ensayos triaxiales y de permeabilidad','combina un control preciso y componentes de calidad de precisión y facilidad de operación. controles en la mitad superior del panel de regular la presión de aire a la cámara de muestras, mientras que los controles inferiores regulan el suministro de agua. todas las presiones celulares y buretas son regulables y fácilmente controlados por un solo medidor de presión digital. reguladores y válvulas de precisión permiten un ajuste preciso de las presiones críticos durante las fases de saturación, consolidación y análisis. presión de la celda eficaz y celular y la muestra de contrapresión se controlan a través de un único regulador. esto es particularmente útil durante la fase de saturación y no causa ningún cambio en la tensión efectiva.\r\nconexiones de la fuente principal para el agua, el aire y drenaje se encuentran en la parte posterior del panel. conexiones para la cámara de pruebas se encuentran en la parte delantera y la cámara y los embalses se pueden llenar y drenar de las conexiones del panel frontal. el panel incluye dos buretas y dos pipetas para mediciones de flujo de permeabilidad precisos.\r\npara pruebas en cámaras de permeabilidad y ensayos triaxiales y otros accesorios se deben pedir por separado. se requiere un compresor de aire para generar presiones de confinamiento, pero no está incluido.','0','SL-34.jpg'), ('250','sl-36','corte directo','controlador de corte directo / residual 120/220v 50/60hz\r\nla máquina de corte directo/ residual es una opción económica para la realización de ensayos de corte directo / residual utilizando el método de peso muerto. el diseño versátil le permite ser configurado en varias configuraciones de acciones, que incluyen todos los componentes que necesita para hacer las pruebas.  \r\nutiliza anillos de carga y relojes comparadores analógicos y masas para carga vertical.\r\nel sistema cuenta con un sistema de motor en coche, teclado adelante / interruptores de fin de carrera inversa.','0','SL-36.jpg'), ('251','as-01','baño de agua','el depósito interno y la cubierta son hechos de acero inoxidable, caja exterior es de chapa de acero pintada con aislamiento.\r\nlas muestras se llevan sobre un estante perforado de acero inoxidable separado de la parte inferior.\r\nel baño tiene una capacidad de 31.4 litros y está diseñado para albergar hasta 12 muestras marshall de 4”.\r\ntemperatura: desde la temperatura ambiente hasta 95 ° c. \r\nel baño se suministra con termostato y resistencia.','0','AS-01.png'), ('252','as-03','compactador manual','similar al modelo anterior, pero el martillo se levanta y libera manualmente.\r\n\r\nel conjunto se compone de:\r\nmartillo de compactación, con 4,53 kg de peso correderas, guiados en un eje.\r\nbañado contra la corrosión\r\ncompactación pedestal, que consiste en un bloque de madera, tapado con una placa de acero.\r\ncompleto con dispositivo de sujeción del molde.','0','AS-03.png.jpg'), ('253','as-02','compactador automático con base estacionaria','preparación de la muestra con un fácil, compactador mecánico automático. aparatos compactos muestras a un número predeterminado de golpes de martillo y se apaga al terminar. la unidad incluye compactador mecánico, contador automático, astm compatible \r\n-	1 pedestal de compactación \r\n-	1martillo \r\n-	1molde de asfalto de 4”\r\n se recomiendan los accesorios adicionales molde y un martillo para operaciones de pruebas eficientes, lo que le permite calentar varios moldes y martillos para acelerar las pruebas. cumple con la norma astm d6926, aashto t245 y ptm705. 220 v, 50hz','0','AS-02.png.jpg'), ('254','as-04','máquina para compresión marshall','de construcción robusta con el marco para abarcar la deformación y cargas, fácil de usar, está diseñado para funcionar con el mínimo de mantenimiento.\r\nla velocidad máxima es de 50,8 mm / minuto inclsive mientras se aplica la carga gracias a un motor eléctrico dominado. la carga aplicada se mide por un anillo de prueba de 50 kn de capacidad de precisión que incorpora un freno de base que sostiene la lectura máxima de falla y se suministra con certificado de calibración correspondiente. la máquina incluye: dispositivo eléctrico de parada automática al llegar a la capacidad de carga máxima de la prueba de anillo, a fin de evitar cualquier daño de sobrecarga, interruptores de límite parar la platina en el máximo y minimo.\r\nla unidad se suministra con anillo de la capacidad de carga de 50 kn, medidor de flujo con reloj comparador.\r\ncabezal de rotura marshall de 4”.\r\nfuente de alimentación: 220-240 v 1 ph 50 hz \r\ncumple con las normas astm d1559 - aashto t245, t283 - bs 598:107 \r\nnf p98-251-2 - din 1996 - cnr n° 30, pr en 12697-34','0','AS-04.jpg'), ('255','as-05','molde de estabilidad marshall de 4”','para la preparación de muestras de ensayo con los compactadores mecánicos y eléctricos. consiste en la placa base, el molde y el collar. los moldes están mecanizados a partir de tubos sin costura y plancha. la base y el collar se intercambian con cualquiera de los extremos del molde, el molde de formación es de 4 \"(102 mm) por 3\" (76 mm) de alto. cumple con la norma astm d6926','0','AS-05.jpg'), ('256','as-06','discos de papel para los moldes marshall de 4”','500 discos circulares de diámetro de 4 \" con bordes lisos que se ajustan a la parte inferior de la los moldes de compactación anteriores para la introducción de la mezcla antes de la prueba de compactación. facilita la extracción de la muestra del molde.','0','AS-06.jpg'), ('257','as-07','viscosímetro digital saybolt de dos tubos','usado para determinar  viscosidades de derivados del petróleo, a temperaturas especificas  entre 20° a 210°f. fabricado de acero inoxidable con baño de aceite para dos tubos viscosímetro, calentador eléctrico con un termorregulador digital, agitador y sistema de enfriamiento. \r\nsuministro de energía: 230v 50 hz.\r\ncumple con la norma astm d88/aashto t72/une 7066,51021','0','AS-07.jpg'), ('258','as-09','penetrómetro digital estándar para suelos y asfaltos','usado para determinar la consistencia  de muestras bituminosas por sobre condiciones diferentes de carga tiempo y temperatura. la penetración es expresada en distancia en milímetros de penetración vertical por una aguja estándar. las penetraciones son medidas en un display digital en  milímetros y pulgadas con 0,01 mm de resolución, con el 0 ajustable en cualquier posición, viene con pesos de 50 y 100 g, aguja de penetración estándar y copas de bronce para muestras. este es el nuevo modelo. \r\nel accesorio de cono hueco 90 ° latón pulido punta de acero inoxidable, 102.5g. se puede incluir para ser usado con el penetrómetro digital estándar citado anteriormente.\r\nexisten muchos otros accesorios que son formas puntas de distintas formas y tamaños para penetración.\r\ncumple normas: astm d217, d937 asa std. z11.3, astm d5, bs 2000, nft66-004, aashto t49, uni 4162, une 7013, nlt 124, cnr n° 24','0','AS-09.png.jpg'), ('259','as-11','aparato de anillo y bola para punto de ablandamiento','la suavidad de betún depende, entre otros factores, de la temperatura de la sustancia, donde, a medida que aumenta la temperatura, la suavidad aumenta del betún.','0','AS-11.jpg'), ('260','as-10','horno para ensayo de película delgada','el horno con película delgada rotatoria se usa para medir el efecto del calor y del aire en una película rotatoria de los materiales asfálticos semisólidos. los resultados de este tratamiento son determinados por las mediciones de las propiedades asfálticas antes y después del ensayo. por medio del uso de un controlador de temperatura programable y un visor digital de 4-dígitos, el horno mantiene con exactitud la temperatura de ensayo de 163ºc. incluye un medidor de flujo de 200 a 14.000 ml/min, un indicador de presión de aire de 0 a 100 psi, una bandeja giratoria para ensayo y ocho jarros de vidrio para muestras. cumple normas astm d2872, aashto t240 y con el método de ensayo de california 346. se requiere de una fuente de aire seco comprimido y limpio para el funcionamiento del horno. 220v  50hz','0','AS-10.jpg'), ('261','as-12','agua en emulsiones de bitumen','se utiliza para determinar el agua en productos derivados del petróleo y materiales bituminosos, por destilación con un inmiscible en agua, un disolvente volátil.','0','AS-12.jpg'), ('262','as-14','ensayo tilt','el instrumento mide el coeficiente de rugosidad en una articulación.\r\nla unidad también está diseñada para evaluar la posible tendencia al flujo de mezclas bituminosas que cubren una pendiente de una presa sujetos a altas radiaciones solares.\r\nla tendencia de flujo es la deformación viscosa permanente de un material.\r\nel aparato consiste en un plano inclinado ajustable en la que se coloca la muestra.\r\nÁngulo de inclinación: 0 - 50 ° max. diámetro de la muestra: 100 mm, 4”.\r\nel plano se inclina lentamente hasta que el deslizamiento de la superficie superior de la muestra en el inferior se produce. el índice de rugosidad se puede evaluar a partir del ángulo de inclinación medido.','0','AS-14.jpg'), ('263','as-13','destilación de asfalto','se utiliza para medir la cantidad de los componentes más volátiles en productos asfálticos. el aparato consiste en: \"calentador eléctrico con termoregulador\", frasco de destilación, condensador de tubo, adaptador, escudo, receptor, soportes, probeta, termómetro astm 8c -2 a 400 ° c subd. 1 ° c. \r\nfuente de alimentación: 230 v 1 ph 50/60 hz 750 w.','0','AS-13.jpg'), ('264','as-15','aparato de copa abierta de cleveland para punto de inflamación','se utiliza para medir los puntos de inflamación y combustión de aceites lubricados y productos derivados del petróleo.\r\ncompleto con  taza de latón, un termómetro ip 28c (astm 11c) rango -6 a 400 ° c, calentador eléctrico con termorregulador.\r\nse suministra con dispositivo de gas de la llama.\r\nfuente de alimentación: 230v 1 fase 50/60hz','0','AS-15.jpg'), ('265','as-16','extractor centrífugo','centrifugador, extractor con control analógico,  de motor abierto, 220v 50hz.  capacidad 1,5 kg. incluidos 100 papeles filtro de 4 micrómetros de retención de 10” diámetro externo y 5” de diámetro interno.','0','AS-16.jpg'), ('266','as-18','viga benkelman','hecho de aluminio para su transporte ligero, completo con reloj comparador y accesorios, que se utiliza para medir la deflexión de la superficie de la carretera cuando se carga por las ruedas de los vehículos. el haz se pone en contacto con el pavimento bajo prueba entre los neumáticos del vehículo.\r\nla medición de la desviación se lleva a cabo cuando el vehículo pasa por encima de la zona de ensayo. longitud de la viga benkelman es de 250 cm. viga punto de apoyo relación de 4:01\r\nse entrega con caja de madera.','0','AS-18.jpg'), ('267','as-19','calibrador de viga benkelman','indicador de calibración para viga benkelman.','0','AS-19.jpg'), ('268','as-17','ductilímetro','para pruebas de ductilidad de los materiales bituminosos, medida  de alargamiento de una probeta antes de la falla. los extremos de un espécimen formado por una briqueta, se separan en una cubeta llena de líquido a la velocidad y la temperatura especificada. control de temperatura mediante termostato de calefacción. las resistencias a la tracción y la ductilidad de las muestras se pueden medir simultáneamente.\r\nel probador de ductilidad básico está montado en una cubeta de baño de fluido, equipado con tubos de transferencia térmica. el funcionamiento está libre de vibraciones y las velocidades constantes se mantienen a través de la unidad de  motor. las velocidades de 2,5, 10 y 50 mm por minuto son seleccionables y un puntero que viaja indica la posición exacta del carro en una escala fija, se adapta bien a las pruebas de ductilidad estándar y está diseñado para dar cabida a los componentes de fuerza de ductilidad. la máquina puede poner a prueba tres muestras de ductilidad estándar o solamente una o solamente dos especímenes de ductilidad de fuerza. las paredes interiores son de acero inoxidable. la mayoría de las pruebas de ductilidad se realiza a 77 ° f (25 ° c), que puede ser controlado en la mayoría de entornos de laboratorio por simple circulación de agua calentada.','0','AS-17.jpg'), ('269','as-22','máquina cortadora de especímenes','la máquina acepta discos de hasta 350 mm de diámetro.\r\nla cuchilla puede estar orientada para cortes a 45 °\r\nse suministra con un disco de diamante.\r\nfuente de alimentación: 220-240 v 50 hz.  \r\npara sujetar y cortar cilindros y núcleos. el dispositivo se                 fija a la mesa de las máquinas de corte. sirve para cortar los especímenes que salen de las brocas anteriores','0','AS-22.jpg'), ('270','as-20','extractor de núcleos a gasolina','estos taladros son muy robustos, de alta resistencia, compactos y fiables.\r\nel tornillo deslizante se rectifica con el fin de asegurar un movimiento de perforación muy suave y preciso.\r\nentrada de agua con válvula para enfriar la broca de diamante.\r\nla base de acero robusto está equipada con ruedas para desplazamientos a diferentes sitios, junto con cuatro pernos de nivelación y estabilización en los pies.\r\nla máquina se suministra completo con una broca de diamante de 4” acoplamiento y llave \r\nesta máquina de estructura robusta es compacta y de aplicación de tornillo vertical, se utiliza para muestreos con pavimentos en las que no es fácil de obtener energía eléctrica, funciona a gasolina y no necesita ninguna batería. motor de 5 hp de potencia a gasolina.','0','AS-20.jpg'), ('271','as-21','brocas de diamante','de calidad profesional, las brocas de diamante están diseñadas específicamente para su uso con el hormigón o asfalto. las brocas están disponibles en una gran variedad de tamaños 2”, 2 1/2” 3 ½”, 4, 4 ¼”, 4 ½”, 5”, 5 ½”, 6”, 6 ¼”, 6 ½”. estas brocas tienen una profundidad de diamante de 0,250\" (6.350mm) y una base de segmento de 0.070 (1.778mm). estas brocas tienen la rosca de acople para la máquina anterior.','0','AS-21.jpg'), ('272','as-23','banco de gravedad específica','marco gravedad específica (sistema de equilibrio de flotabilidad).\r\nusados para la determinación de la gravedad específica de hormigón, agregados, asfaltos, suelos, etc. para ser utilizado con una balanza electrónica o balanza mecánica que tengan ganchos por debajo adecuados.\r\nel marco está hecho de acero robusto, incorpora en su parte inferior una plataforma regulable en altura, con un depósito de agua,  permitiendo determinar la prueba de gravedad específica. incluye depósito de agua con válvula de desagüe. \r\naccesorio no incluido: balanza con gancho','0','AS-23.jpg'), ('273','ho-02','máquina manual de compresión de hormigón con indicador digital capacidad. 113,000 kgf (1112 kn)','excelente para campamentos y transporte a diferentes lugares, relativamente liviana, no necesita energía eléctrica para su funcionamiento, provisto con indicador digital que detecta automáticamente la carga pico y la carga viva, este indicador puede funcionar con baterías (incluidas) o con el suministro eléctrico directamente. \r\n\r\nconstruido en un bastidor sólido de acero macizo sae-1045 testeado para cumplir altas resistencias sin deformaciones que excede los requerimientos de rigidez de la estructura y la capacidad de compresión. la presión de prueba se aplica por medio de un pistón de alta capacidad de carrera de trabajo de 2” (50.8mm) que tiene el cuerpo de una aleación tratada al calor para mayor fiabilidad y resistencia, el vástago chapado aumenta la resistencia a la corrosión y ofrece excelentes cualidades para los cojinetes.\r\nprovisto de 2 puertas de protección, gancho superior para transporte.\r\n\r\nde forma inmediata a solo requerimiento se suministran un amplio rango de accesorios opcionales para ensayar vigas, testigos, cubos y bloques (u otros solicitados por los clientes).\r\n \r\n sistemas de rápido y fácil montaje y desmontaje para vigas, testigos, cubos y bloques.','0','HO-02.jpg'), ('274','h-2','máquina compresión de hormigón semiautomática con indicador digital','excelente para campamentos y transporte a diferentes lugares, relativamente liviana, no necesita energía eléctrica para su funcionamiento, provisto con indicador digital que detecta automáticamente la carga pico y la carga viva, este indicador puede funcionar con baterías (incluidas) o con el suministro eléctrico directamente. \r\n\r\nconstruido en un bastidor sólido de acero macizo sae-1045 testeado para cumplir altas resistencias sin deformaciones que excede los requerimientos de rigidez de la estructura y la capacidad de compresión. la presión de prueba se aplica por medio de un pistón de alta capacidad de carrera de trabajo de 2” (50.8mm) que tiene el cuerpo de una aleación tratada al calor para mayor fiabilidad y resistencia, el vástago chapado aumenta la resistencia a la corrosión y ofrece excelentes cualidades para los cojinetes.\r\nprovisto de 2 puertas de protección, gancho superior para transporte.\r\n\r\nde forma inmediata a solo requerimiento se suministran un amplio rango de accesorios opcionales para ensayar vigas, testigos, cubos y bloques (u otros solicitados por los clientes).\r\n \r\n sistemas de rápido y fácil montaje y desmontaje para vigas, testigos, cubos y bloques.\r\ncaracterísticas:\r\n\r\nincluye un modo auto-test-reset para la operación con manos libres para la detección automática de las roturas.\r\n\r\nla precisión excede astm e4, es mayor de ±0.5% de toda la escala.\r\n\r\nel display muestra  la carga viva y la carga máxima numéricamente.\r\n\r\nunidades de ingeniería seleccionables: lb, n, kn y kgf.\r\n\r\ndetector de rotura automático.\r\n\r\nmuestra la relación de carga /tiempo opcional en unidades de fuerza por segundo.\r\n\r\ndisplay 1x 16 lcd con 0.38” caracteres con 3 teclas táctiles. \r\nlas platinas de compresión tienen círculos concéntricos para fácil centrado de las muestras.\r\n\r\nrequerimientos  de suministro: 220/230 vac; 50/60 hz. también funciona a baterías   (baterías incluidas).\r\n\r\ncumple normas astm c39, aashto t22, csa a23-2-9c, nf p18-411, une 83-304. \r\n\r\nla máqui','0','HO-02.jpg'), ('275','ho-03','máquina compresión de hormigón semiautomática con indicador digital','esta maquina posee una capacidad de 113,000 kgf (1112 kn)\r\nconstruido en un bastidor sólido de acero macizo sae-1045 testeado para cumplir altas resistencias sin deformaciones que excede los requerimientos de rigidez de la estructura y la capacidad de compresión. la presión al sistema se aplica por medio de un conjunto de bomba eléctrica hidráulica de dos velocidades con controles para un avance controlado (velocidad de compresión controlada), avance rápido, funciones de retirar y de contener la carga. el motor de la bomba arranca a plena carga, funcionamiento relativamente silencioso de 82 dba a altas cargas. y 87 dba a pequeñas cargas, válvula de palanca ajustable con compensación de presión, amplio rango de prueba con una precisión de +/- 0.5% de la carga indicada.  la presión de prueba se aplica por medio de un pistón de alta capacidad de carrera de trabajo de 2” (50.8mm) que tiene el cuerpo de una aleación tratada al calor para mayor fiabilidad y resistencia, el vástago chapado aumenta la resistencia a la corrosión y ofrece excelentes cualidades para los cojinetes.\r\nprovisto de 2 puertas de protección, gancho superior para transporte.\r\n\r\nde forma inmediata a solo requerimiento se suministran un amplio rango de accesorios opcionales para ensayar vigas, testigos, cubos y bloques (u otros solicitados por los clientes).\r\n \r\n sistemas de rápido y fácil montaje y desmontaje para vigas, testigos, cubos y bloques.\r\n\r\ncaracterísticas:\r\n\r\nincluye un modo auto-test-reset para la operación con manos libres para la detección automática de las roturas.\r\n\r\nla precisión excede astm e4, es mayor de ±0.5% de toda la escala.\r\n\r\nel display muestra  la carga viva y la carga máxima numéricamente.\r\n\r\nunidades de ingeniería seleccionables: lb, n, kn y kgf.\r\n\r\ndetector de rotura automático.\r\n\r\nmuestra la relación de carga /tiempo opcional en unidades de fuerza por segundo.\r\ndisplay 1x 16 lcd con 0.38” caracteres con 3 teclas táctiles. \r\n\r\nlas platinas de compresión tienen círculos conc','0','HO-03.png'), ('276','ho-04','máquina compresión de hormigón semiautomática con indicador digital, software y salida a computadora.','capacidad. 113,000 kgf (1112 kn)\r\nconstruido en un bastidor sólido de acero macizo sae-1045 testeado para cumplir altas resistencias sin deformaciones que excede los requerimientos de rigidez de la estructura y la capacidad de compresión. la presión al sistema se aplica por medio de un conjunto de bomba eléctrica hidráulica de dos velocidades con controles para un avance controlado (velocidad de compresión controlada), avance rápido, funciones de retirar y de contener la carga. el motor de la bomba arranca a plena carga, funcionamiento relativamente silencioso de 82 dba a altas cargas. y 87 dba a pequeñas cargas, válvula de palanca ajustable con compensación de presión, amplio rango de prueba con una precisión de +/- 0.5% de la carga indicada.  la presión de prueba se aplica por medio de un pistón de alta capacidad de carrera de trabajo de 2” (50.8mm) que tiene el cuerpo de una aleación tratada al calor para mayor fiabilidad y resistencia, el vástago chapado aumenta la resistencia a la corrosión y ofrece excelentes cualidades para los cojinetes.\r\nprovisto de 2 puertas de protección, gancho superior para transporte.\r\n\r\nde forma inmediata a solo requerimiento se suministran un amplio rango de accesorios opcionales para ensayar vigas, testigos, cubos y bloques (u otros solicitados por los clientes).\r\n \r\n sistemas de rápido y fácil montaje y desmontaje para vigas, testigos, cubos y bloques.\r\n\r\ncaracterísticas:\r\n\r\nincluye un modo auto-test-reset para la operación con manos libres para la detección automática de las roturas.\r\n\r\nla precisión excede astm e4, es mayor de ±0.5% de toda la escala.\r\n\r\nel display muestra  la carga viva y la carga máxima numéricamente.\r\n\r\nunidades de ingeniería seleccionables: lb, n, kn y kgf.\r\n\r\ndetector de rotura automático.\r\nmuestra relación de carga \r\nmuestra el esfuerzo vivo y el esfuerzo pico\r\nmuestra la relación del esfuerzo\r\ngeometría seleccionables como ser cilindros, cubos, vigas y geometrías indefinida, almacena hasta 400 ensayos en la','0','HO-04.jpg.png'), ('277','ho-05','máquina de compresión de hormigón semiautomática con indicador digital salida a computadora o impresora. capacidad. 120 ton.','esta máquina de compresión de hormigón, puede ensayar cilindros de alta resistencia por su capacidad de hasta 120 ton.\r\nconstruido en un bastidor sólido de acero macizo sae-1045 testeado para cumplir altas resistencias sin deformaciones que excede los requerimientos de rigidez de la estructura y la capacidad de compresión. la presión al sistema se aplica por medio de un conjunto de bomba eléctrica hidráulica de dos velocidades con controles para un avance controlado (velocidad de compresión controlada), avance rápido, funciones de retirar y de contener la carga. el motor de la bomba arranca a plena carga, funcionamiento relativamente silencioso de 82 dba a altas cargas. y 87 dba a pequeñas cargas, válvula de palanca ajustable con compensación de presión, amplio rango de prueba con una precisión de +/- 0.5% de la carga indicada.  la presión de prueba se aplica por medio de un pistón de alta capacidad de carrera de trabajo de 2” (50.8mm) que tiene el cuerpo de una \r\naleación tratada al calor para mayor fiabilidad y resistencia, el vástago chapado aumenta la resistencia a la corrosión y ofrece excelentes cualidades para los cojinetes.\r\nprovisto de 2 puertas de protección, gancho superior para transporte.\r\n\r\nde forma inmediata a solo requerimiento se suministran un amplio rango de accesorios opcionales para ensayar vigas, testigos, cubos y bloques (u otros solicitados por los clientes).\r\n \r\n sistemas de rápido y fácil montaje y desmontaje para vigas, testigos, cubos y bloques.\r\n\r\n\r\n\r\ncaracterísticas: \r\n\r\nmodo de prueba de reposición automática para la operación de manos libres.\r\n\r\nindicador de barras de visualización de velocidad de carga.\r\n\r\nalmacenamiento permanente de datos de ensayos y una transferencia fácil de resultados en los programas de base de datos. \r\n\r\nla precisión excede astm e4.\r\n\r\nvisualización de la sobrecarga, carga máxima, esfuerzo máximo, estos numéricamente.\r\n\r\nindicación numérica de la relación carga/ esfuerzo.\r\n\r\nun puntero se mueve entre los lími','0','HO-05.png'), ('278','ho-06','máquina universal de tracción/compresión ( 700 kn/1500 kn)  computarizada con salida a computadora','esta máquina ha sido diseñada para ejecutar ensayos en barras de refuerzo de acero (aceros de construcción), pletinas de acero, flexión en aceros, cilindros de hormigón, cubos, vigas y otros materiales, etc., con alto grado de precisión. \r\n\r\ncon una palanca de fácil manejo es posible intercambiar inmediatamente de la tracción a la compresión o viceversa. \r\n\r\nla máquina universal lleva un par de mordazas universales que se sujetan con seguridad que permiten ensayar tanto aceros corrugados como aceros lisos, desde 6 mm. (1/4”) hasta 25 mm (1”) de diámetro. también se pueden ensayar aceros de diferentes secciones como ser barras cuadradas, pletinas, y diversos materiales de diversas formas. \r\nlas platinas para la compresión de probetas u otros materiales a comprimir se instalan rápidamente, con lo que se ahorra tiempo y esfuerzo. \r\n\r\n- capacidad de carga en tracción 700 kn \r\n- capacidad de carga en compresión 1500 kn \r\n- recorrido máximo del pistón 168.2 mm \r\n- pantalla digital de alta resolución \r\n- sensor medidor de deformaciones (incluido)\r\n\r\ncaracterísticas del sistema de medición digital: \r\n\r\n- despliegue gráfico en tiempo real \r\n- indica la carga, relación de carga, posición, relación de posición, deformación y relación de deformación. grafica la carga, la posición o deformación en tiempo real. \r\n- almacena seis procedimientos de ensayo para verificar la precisión y las pruebas repetibles. calcular los parámetros claves de ensayo como la carga de falla y esfuerzo, compensación, fluencia, módulo de elasticidad, porcentaje de elongación, rotura y más. \r\n- calcula valores altos, bajos, medios y desviación estándar para un grupo de ensayos almacena hasta 2.000 resultados por procedimiento de ensayo en la memoria permanente. los resultados incluyen fecha, hora, número de identificación de la muestra. muestra el Área y longitud, más todos los parámetros calculados del ensayo. \r\n- genera reportes que incluyen gráficos xy. \r\n- usa un programa (software) para descargar re','0','HO-06.jpg'), ('279','ho-07','máquina universal de tracción/compresión de alta precisión  capacidad: 4000 kgf/10000 kgf (40 kn/100 kn)','esta máquina es apta para todo tipo de ensayos en diferentes materiales tanto a compresión como a tracción cumpliendo una amplia gama de esfuerzos que están dentro de los rangos provisto de dos columnas de soporte que distan de 715mm entre ambas que permiten ensayar materiales de gran tamaño, las alturas de los especímenes a ensayar también pueden variarse a muchos tamaños, el desplazamiento del pistón de carga es de 254 mm, este permite ensayar especímenes de gran deformación por tener este recorrido, la platina inferior  es la que aplica la carga tanto en tracción como en compresión con un recorrido de 254 mm y el travesaño superior es móvil.\r\n\r\nla plataforma superior engomada tiene una amplitud para poder colocar una variedad de accesorios y muestras, debajo de esta están las palancas de control para aplicar tracción o compresión, palanca para retraer, detener, avance rápido y avance controlado.\r\n\r\nse puede variar fácilmente con el movimiento de una llave las velocidades de aplicación de carga y poder medirlas en la computadora, un display nos muestra la velocidad de carga directamente y permite que el operario ajuste con el movimiento de la llave cualquier velocidad deseable en un amplio rango con una resolución de 0.01 mm/min. hasta un máximo de 250 mm/min. \r\n\r\ntoda la máquina está construida en un bastidor solido de gran resistencia donde todos los sensores e interfaces están protegidos, tiene sensor de carga de alta precisión y un dispositivo interno para medir el desplazamiento de la platina inferior con una precisión  de 0.0025mm en todo durante todo el recorrido en cualquier momento, también se provee un transductor de desplazamiento externo de 50,8mm x 0.01mm para poder colocar en cualquier punto deseado de deflexión, la interface interna tiene conectados los sensores de carga, de desplazamiento de la platina inferior y del transductor de deformación, todas estas variables medidas por estos sensores se pueden interrelacionar entre ellas y el tiempo en grá','0','HO-07.jpg'), ('280','ho-08','tracción indirecta (ensayo brasilero','dispositivo de prueba de tracción indirecta, para los especímenes cilíndricos de diámetro. 150x300 mm, 160x320 mm, 6 \"x 12\". (ensayo brasilero)','0','HO-08.jpg'), ('281','ho-09','cono de asentamiento portátil','el cono le proporciona los componentes básicos para ensayo de asentamiento en una configuración fácil de llevar, además de una pala y embudo para ayudar a llenar el cono de asentamiento. el juego también incluye un diseño especial con un mango, que hace frente a los ácidos fuertes utilizados para limpiar el equipo de ensayo de asentamiento. el conjunto incluye: placa base galvanizada, embudo, cepillo, cono de asentamiento (de acero galvanizado), varilla apisonadora graduada en intervalos de 1 cm hasta 22 cm y una cucharada de vaciado.','0','HO-09.png'), ('282','ho-10','cono de asentamiento','cono de abramhs para asentamiento, proporciona los componentes básicos para ensayo de asentamiento en una configuración fácil de llevar, además de una pala y embudo para ayudar a llenar el cono de asentamiento. el juego también incluye un diseño especial con un mango, que hace frente a los ácidos fuertes utilizados para limpiar el equipo de ensayo de asentamiento. sin mecanismos para transporte, consta de una varilla apisonadora graduada en intervalos de 1 cm hasta 22 cm. se incluye también una bandeja de vaciado, todo está totalmente galvanizado para su resistencia a la corrosión.','0','HO-10.jpg'), ('283','ho-12','aparato de penetración de bola (kelly ball)','este ensayo es usado para la consistencia del hormigón mediante la penetración de una media esfera, una penetración de 1 pulgada (2,5 centímetros) por la bola kelly corresponde a alrededor de 2 pulgadas (5 centímetros) de caída. determina la profundidad de penetración de peso de metal en el hormigón plástico. aparato formado por 30 lb (14 kg) cilindro con fondo hemisférico. el estribo (marco) guía el mango y actúa como una referencia para medir la profundidad de penetración. la manija está graduada en incrementos de 1/4\"(6,4 mm) a un lado y cada medio centímetro en el otro lado.','0','HO-12.jpg'), ('284','ho-11','determinación de contenido de aire en el hormigón','abrazaderas de acero inoxidable de larga duración se ajustan rápidamente y son menos caros de reemplazar. mayor calibre en carcasa de acero inoxidable es más fácil de leer, calibrar y sellar para reducir la necesidad de mantenimiento. bomba con mango grande, de fácil agarre genera presión rápida y está blindado para evitar la tierra y el agua en la superficie del pistón. grifos de latón tienen válvulas de bola de acero inoxidable de precisión y durabilidad. manijas petcock son de vinilo recubiertas para un funcionamiento más cómodo.\r\ndimensiones y precisión del medidor exceden los requisitos de la norma astm. se incluyen: el recipiente de calibración, tubos de calibración, 24in (610mm), varilla de apisonamiento, jeringa de agua, maletín e instrucciones de uso. cámara de fundición de aluminio es  1/4ft³  y también se puede utilizar para unidad de peso y la determinación de rendimiento. maletín resistente con todos los accesorios con seguridad watts tradicionales.','0','HO-11.jpg'), ('285','ho-13','penetrómetro de mortero','este aparato es de tipo de reacción de resorte y se graduó de 10-130 lbf (45 a 580n) en incrementos de 2 lbf (9n) para las pruebas de velocidad de la dureza de los morteros de las mezclas de concreto. determina efectos de variables tales como la temperatura, el cemento, la mezcla de proporciones, adiciones y aditivos sobre el tiempo de fraguado y endurecimiento del hormigón. la resistencia a la penetración se mide por la fuerza vertical ejercida hacia abajo para penetrar en el mortero de 1\" (25 mm) la lectura de presión se mide por una escala con un indicador de anillo deslizante en el vástago del mango. incluye agujas de penetración intercambiables de resistencia: 1, 1/2 , 1/4, 1/10, 1/20 y 1/40 pulgadas cuadradas (645, 323, 161, 65, 32, 16mm2) cumple con la norma astm c403,aashto t197.','0','HO-13.jpg'), ('286','ho-14','penetrómetro acme de laboratorio','aparato de reacción de tipo hidráulico para la determinación del tiempo de fraguado del concreto con asentamiento mayor que cero por el mortero de prueba se tamiza de la mezcla de hormigón. también determina los efectos de variables tales como la temperatura, el cemento, la mezcla de proporciones adicionales y aditivos sobre el tiempo de fraguado y endurecimiento del hormigón. el diseño del penetrómetro hace que sea fácil de operar, siendo más eficiente, con una cremallera de engranaje más largo. las cargas se aplican hidráulicamente con presiones de lectura en 200 lbf (890 n) de capacidad graduado en divisiones de 2 lbf. el juego de seis agujas permite la multiplicación para una lectura máxima de 8000 lbf. el penetrómetro acme cuenta con una estructura con base y un conjunto de agujas de penetración de acero inoxidable en un bloque de madera (superficie de apoyo de las agujas: 1, 1/2, 1/4, 1/10, 1/20 y 1/40 pulgadas cuadradas, (645 , 323, 161, 65, 32 y 16mm2). cumple con las normas astm c403, aashto t197','0','HO-14.jpg'), ('287','ho-15','molde de alta resistencia para vigas de hormigón','diseñados para una fácil extracción de la muestra. construcción en acero para trabajo pesado, con  recubrimiento de zinc para su resistencia a la oxidación.\r\ndisponible en una variedad de tamaños: para muestras de 152 mm x 152 mm x 533 mm (6 pulg. x 6 pulg. x 21 pulg.) y para muestras de 152 mm x 152 mm x 610 mm\r\nlos moldes de alta resistencia para vigas se utilizan para formar vigas de hormigón para llevar a cabo ensayos de flexión, de acuerdo con las especificaciones astm y aashto. los moldes están diseñados para fácil montaje y desmontaje.\r\ncumple con las normas: astm c-31, c-78, c-192; aashto t-23,t-97,t-126','0','HO-15.png'), ('288','ho-16','aparato de flexión de vigas prismáticas portátil','portátil, determina en forma fácil y precisa la resistencia al corte transversal y flexión de vigas de 4x4” y 6x6”. hidráulicamente accionada usa el método de carga concentrada en el centro, con lecturas continuas a la ruptura y retiene la máxima lectura para eliminar la pérdida de datos. el calibrador vuelve a cero para repetir los ensayos. este instrumento relativamente liviano tiene doble registro de módulo de ruptura entre 0-5000 kgf. no requiere de suministro de energía eléctrica, ideal para el campo, relativamente liviano.','0','HO-16.png'), ('289','ho-17','moldes para cilindros de hormigón estándar','los moldes se construyen en acero galvanizado para su resistencia a la oxidación y son dimensionalmente estables en condiciones de uso severo. los moldes se dividen a lo largo de un lado con 2 abrazaderas de acción rápida soldadas, está provisto de mango para transporte y tienen un mecanismo de resorte interno en el mismo tubo que al accionar los tornillos para desencofrar este actúa haciendo una fuerza para que sea fácil soltar el cilindro, incluye la placa base desmontable de 6mm ±1. todo es totalmente galvanizado para su resistencia a la oxidación. se disponen diferentes tamaños para cilindros de 3, 4 o 6 pulgadas (76, 102 o 152 mm).','0','HO-17.jpg'), ('290','ho-18','cargador de cilindros tipo pinza','emplea una acción de pinza de agarre manual para asegurar cilindros de 6” (152 mm) de diámetro estándar.','0','HO-18.jpg'), ('291','ho-19','manta de protección para cilindros de hormigón','manta para el cilindro de hormigón para aislar las probetas de hormigón durante el curado, es de lona, tamaño: 12 pulgadas x\r\n28 in (30,5 x 71,1 cm). cierres de scrash. también es utilizado en el cilindro durante el ensayo de compresión para reducir al mínimo la dispersión de los desechos cuando se rompe el cilindro.','0','HO-19.jpg'), ('292','ho-20','carro para transporte de muestra','carrito totalmente soldado tiene 800 libras (400 kg) de capacidad. ruedas montadas para cruzar canales placa de soporte para un mayor apoyo, tamaños de bandejas 36 \"x 24\" (914 x 609mm) con mango de transporte.','0','HO-20.png'), ('293','ho-21','mesa vibratoria','de impacto acolchonado, mesa vibratoria con capacidad de carga de 300 libras. (136.1kg) se utiliza para hacer vibrar las vigas, moldes de cilindro, productos de hormigón y las muestras de suelo. la mesa es de 20 x 20 \"(508 x 508 mm) y  vibra a 3600 vpm. la amplitud o el poder de la vibración se regula por medio de un reóstato en el circuito de control eléctrico. se suministra con cable y enchufe debido al alto consumo de potencia. cumple la norma astm c31, c192.','0','HO-21.jpg'), ('294','ho-23','calibre digital para cilindros de hormigón','diseñado para la medición precisa de diámetros de cilindros de concreto, calibre digital que mide diámetros interiores. diámetros exteriores y profundidades, la resolución es de 0,01 mm y el rango es de 200 mm, unidades seleccionables entre mm y pulgadas, se puede tarar en cualquier medida','0','HO-23.png'), ('295','ho-22','calentador/circulador','tiene una abrazadera para su posicionamiento vertical, el calentador/circulador para los tanques y cuartos de baño tiene capacidad de 1100 vatios y proporciona un control proporcional de línea analógica precisa a partir de 5 ° c por encima de la temperatura ambiente hasta 100 ° c (212 ° f) con ± 0,2 ° c la estabilidad. el elemento de calefacción largo puede ser sumergido a partir de 3-7 pulgadas (76-178mm) y dos velocidades de bombeo es seleccionable por un conmutador de 9 o 15 litros por minuto (2,38 o 3.96gpm) para adaptarse a una amplia gama de tamaños y tipos de tanques. director de flujo ajustable, acepta tubos para la circulación externa al sistema de circuito cerrado. la abrazadera de montaje encaja a las paredes del tanque hasta 1.19in (30,2 mm) de espesor. las piezas de contacto son de acero inoxidable. interruptor on / off, luz indicadora de calentamiento, y termómetro (-20 ° a  150 ° c) están incluidos. garantía del fabricante de un año. se suministra con un cable de alimentación de 6 pies con toma de tierra. 220v/50hz opera en 4.5 amperios.','0','HO-22.jpg'), ('296','ho-24','capinador vertical para cilindros de hormigón','se utilizan en la aplicación del compuesto de nivelación a los extremos de los cilindros de concreto en la preparación para la prueba de compresión. el compuesto de azufre fundido se vierte en la porción del anillo de la base y el cilindro se coloca en el equipo. los brazos verticales mantienen el cilindro en la orientación vertical de manera que las superficies superior e inferior permanecen perpendiculares. se disponen diferentes tamaños para cilindros de 3, 4 o 6 pulgadas (76, 102 o 152 mm).','0','HO-24.jpg'), ('297','ho-25','derretidor de compuesto para capinado','diseñado para la fusión nivelación, para derretir compuestos, parafina y materias similares, tienen termostato regulable que suministra control de la temperatura.\r\ncapacidad 4 litros. olla de acero inoxidable. 220v 50hz.','0','HO-25.jpg'), ('298','ho-26','compresómetro para cilindros de hormigón','el compresómetro se utiliza para evaluar la deformación y la tensión característica de cilindros de concreto mientras se somete a pruebas de compresión. el compresómetro incluye dos yugos de aleación de aluminio fundido, puntos de montaje y el centro de control, barras de acero inoxidable, reloj comparador de graduaciones mínimas de 0.0001” (0.0025 mm) rango 5 mm los modelos están disponibles con uno de los diales mecánicos o indicadores digitales para adaptarse a 4 pulgadas estándar (102mm) o 6 pulgadas (152 mm) cilindros de concreto. cumple la norma astm c469','0','HO-26.jpg'), ('299','ho-27','extensómetro/compresómetro para cilindros de hormigón','son similares a los compresómetros para cilindros de hormigón, pero un tercer centro de yugo se une a la muestra para medir la extensión horizontal. esto permite una determinación combinada de tanto módulo de elasticidad y el coeficiente de poisson. una segunda línea mecánica o indicador digital entre los segmentos de yugo mide la deformación transversal de forma simultánea. los modelos están disponibles con uno de los diales mecánicos o indicadores digitales para adaptarse a 4 pulgadas estándar (102mm) o 6 pulgadas (152 mm) cilindros de concreto. cumple la norma astm c469','0','HO-27.jpg'), ('300','ho-28','martillo schmidt (esclerómetro)','tipo n, está diseñado para pruebas no destructivas de los elementos de hormigón de 4 \"(100 mm) o más de espesor, o de hormigón con un tamaño máximo de partícula menor o igual a 1.25\" (32 mm). está diseñado para la prueba concreta dentro de un rango de resistencia a la compresión de 1.450 a 10.152 psi (10 a 70 n/mm2) y la energía de impacto de la prueba es de 1,6 pies-libras (2.207 nm). el (tipo n) martillo schmidt se presiona contra la estructura de hormigón y los valores de rebote se muestran en una escala mecánica. estos valores pueden entonces ser correlacionadas con resistencia a la compresión mediante el uso de la tabla de conversión colocada en el martillo. el martillo original schmidt es conocido por su durabilidad y precisión. incluye una piedra de limpiar superficies, estuche y manual de instrucciones con las tablas de conversión.','0','HO-28.jpg'), ('301','ho-29','yunque calibrador para esclerómetro','usado para la verificación y calibración de los martillos schmidt, el martillo se coloca sobre la guía y se golpea sobre un valor ya determinado para la verificación de la correcta lectura.\r\ncumple con las normas: astm c 805','0','HO-29.jpg'), ('302','ce-01','mezclador de muestras','se utiliza para mezclar muestras de suelo para la compactación y otras pruebas. mezcladores se suministran en 12.l de capacidad. con 3 paletas.','0','CE-01.jpg'), ('303','ce-02','aparato de vicat','embolo reversible de acero inoxidable con diámetro de 10 mm. en un extremo y roscado para soportar agujas de 1 mm de diámetro, la aguja es de acero inoxidable. peso del conjunto del émbolo con indicador ajustable y la aguja es de 300g. graduado en escala de 0-50mm. incluye marco, escala graduada 0-50mm, conjunto de émbolo, molde cónico plástico y placa de vidrio. (para otras puntas o conos modificados se solicitan aparte)','0','CE-02.jpg'), ('304','ce-03','dispositivo para flexión en vigas de mortero','se utiliza junto con las máquinas de compresión de hormigón.\r\npara vigas de 40mmx40mmx160mm sometidos hasta la rotura en flexión.\r\nlos platos de compresión tienen dureza 60 hrc y la placa superior es bola de asiento montado.\r\ncumple con las normas en 196-1.','0','CE-03.jpg'), ('305','ce-04','dispositivo para compresión en cubos de mortero','este dispositivo se utiliza junto con las máquinas de compresión de hormigón. dispositivo de compresión para poner a prueba las muestras de cubo de mortero de 50 mm y 2”. es posible probar también muestras cilíndricas de diámetro 50x50 mm.\r\npara ser utilizado con una máquina de compresión de hormigón.','0','CE-04.jpg');
INSERT INTO `producto` VALUES ('306','ce-05','mesa de flujo','mesa de flujo manual, de 10 \"(254 mm) de diámetro. incluye molde cónico de bronce, 2-3/4 \"de diámetro superior x 2 \"de alto x 4\" de diámetro inferior, apisonador de madera y el calibrador de flujo.\r\ndiseñado para ser montado en pedestal de hormigón o también se puede pedir por separado el pedestal hecho de madera.\r\nlas aplicaciones incluyen: pruebas de contenido de aire del mortero de cemento y la resistencia a la compresión, las pruebas de flujo de los morteros de cemento hidráulico; pruebas de consistencia de los cementos de oxicloruro de magnesio, prueba de resistencia a la flexión de resistencia de la unión o de mortero para unidades de mampostería. \r\ncumple con las normas: astm c230.','0','CE-05.jpg'), ('307','ce-06','aparato de blaine permeabilidad del aire','se utiliza para determinar la finura de cemento portland en términos de la superficie específica expresada como superficie total en centímetros cuadrados por gramo de cemento.\r\nel aparato se suministra con el vidrio manómetro de tubo en u con válvula, soporte de acero, la celda de ensayo con el disco y el émbolo completamente en acero inoxidable, aspiradora de goma, 100 discos de papel de filtro, embudo plástico, cepillo de limpieza, termómetro, líquido manométrico y grasa de vaselina.','0','CE-06.jpg'), ('308','ce-07','frasco le chatelier','se utiliza para determinar la densidad relativa (gravedad específica) de cemento y cal hidráulica.\r\ncapacidad 250 ml.\r\nel cuello está graduado de 0 a 1 ml y de 18 a 24 ml con divisiones de 0,1 ml','0','CE-07.jpg'), ('309','ce-08','kit indicador de aire','el kit indicador aire económico se utiliza para las estimaciones rápidas de contenido de aire en el hormigón fresco. el método es ideal para pruebas rápidas de campo o para complementar las pruebas de aire. una muestra se coloca en la taza de medición, a continuación, insertado en el tubo de vidrio, y el tubo se llena con alcohol isopropílico. el porcentaje de aire se determina por el número de líneas del alcohol que cae en el vástago del vial después de la agitación. el kit incluye vial, tapones de goma, vaso medidor 6-1/4in largo x 1-1/8in diámetro (159x29mm), cepillo de limpieza, botella squeeze alcohol, instrucciones y estuche de plástico','0','CE-08.jpg'), ('310','ce-09','aparato de retención de agua','se utiliza para determinar el valor de retención de agua de cemento y masilla de cal.\r\nla unidad comprende: aspirador de agua, de columna de mercurio manómetro, llave de tres vías, plato de metal perforada, embudo de vidrio, válvula de mercurio, el paquete de papel de filtro, mercurio, accesorios; el conjunto montado en el soporte. \r\nla bomba de vacío no está incluida en el suministro y tiene que pedir por separado.','0','CE-09.jpg'), ('311','ce-10','aparato de gillmore','se utiliza para determinar el tiempo de fraguado del cemento. eje de soporte vertical tiene un dispositivo para mantener los brazos horizontales en la alineación.\r\nconjunto de soporte es ajustable en su posición. los dos pesos agujas de acero están calibrados para cumplir con las especificaciones. las puntas de las agujas son de acero inoxidable. la aguja de ajuste inicial tiene dia. 2,12 mm y peso de 113 g, mientras que la aguja de ajuste final tiene dia. 1,06 mm y un peso de 453,6 g.','0','CE-10.jpg'), ('313','ce-12','molde viga para morteros','para tres moldes prismáticos para producir especímenes de 40x40x160 mm. fabricado en acero galvanizado o bronce. completo.','0','CE-12.png'), ('314','ce-13','molde briqueta','molde de bronce para moldear briquetas de mortero para las pruebas de resistencia a la tracción del mortero de cemento hidráulico. las abrazaderas con pasadores mantienen las dos mitades del molde de forma segura. diseñado para evitar la propagación durante el moldeo. los morteros moldeados se utilizan junto con las máquinas de los ítems 5 y 6 de la sección de concretos. cumple con la norma astm c307.','0','CE-13.jpg'), ('315','ce-11','moldes cúbicos para morteros','para 3 elementos cúbicos, disposición paralela, disponible en acero galvanizado o bronce. equipado con ángulos para fijar a los postes roscados en la placa base desmontable. para las pruebas de resistencia a la compresión del cemento portland, morteros, cal y yeso. astm c87, c91, c109, c141, c267, c311, c472, c617, c618, c1073, aashto t71, t108.','0','CE-11.jpg'), ('316','ce-14','contenedor de reacción','para determinar el potencial de reactividad alcalina de los agregados (método químico) cuando se utiliza con altos cementos alcalinos. unidad de acero inoxidable es de 2 \"de diámetro. x 2-1/4\" de altura (diámetro 51 mm. x 57 mm) con tapa hermética. 50-75ml capacidad. cumple con la norma astm c289.','0','CE-14.jpg'), ('317','ce-17','prensa filtro para lodos','esta prensa de filtro es el medio más eficaz para la determinación de las propiedades de filtración de los lodos de perforación y suspensiones de cementos.\r\nla prensa de filtro consiste en un depósito de barro montado en un marco, una regulador de presión, un medio de filtrado, y un cilindro graduado para recibir el filtrado de medición, paquete de 100 papeles filtro, tanque presurizado de nitrógeno se pide por separado.\r\ncumple con el estándar: api (american petroleum institute) práctica recomendada 13b-1 y 2','0','CE-17.jpg'), ('318','ce-18','balanza de lodo baroid','método simple para la determinación precisa de la densidad del lodo.\r\nse compone de una base, un brazo graduado con una taza de volumen fijo, borde de cuchillo en la pestaña, nivel de burbuja y contrapeso, maletín de transporte.','0','CE-18.jpg'), ('319','ce-19','embudo de viscosidad marsh','utilizado para la determinación de la viscosidad de los lodos de perforación y materiales fluidos.\r\nla apertura es de 4,7 mm. la mitad de la parte de la boca del embudo superior está provisto de un paño de tamiz de malla de 2 mm.\r\nresistente hecho de acero.\r\nse suministra con la taza graduada','0','CE-19.jpg'), ('320','ce-20','aparato de sangrado de cemento','se utiliza para determinar la tasa de sangrado y sangrado de la capacidad de la pasta de cemento y mortero por procedimiento directo y continuo. incluye recipiente de metal no corrosivo para la pasta o mortero, anillo de la recogida, el pie de soporte y cristalería necesaria. abrazadera bureta doble v-mandíbula cubierto de caucho tiene llave de paso en la posición; abrazadera mandíbula única cubierto de caucho soporta el conjunto de bureta y embudo.','0','CE-20.jpg'), ('321','ce-15','calentador/circulador','tiene una abrazadera para su posicionamiento vertical, el calentador/circulador para los tanques y cuartos de baño tiene capacidad de 1100 vatios y proporciona un control proporcional de línea analógica precisa a partir de 5 ° c por encima de la temperatura ambiente hasta 100 ° c (212 ° f) con ± 0,2 ° c la estabilidad. el elemento de calefacción largo puede ser sumergido a partir de 3-7 pulgadas (76-178mm) y dos velocidades de bombeo es seleccionable por un conmutador de 9 o 15 litros por minuto (2,38 o 3.96gpm) para adaptarse a una amplia gama de tamaños y tipos de tanques. director de flujo ajustable, acepta tubos para la circulación externa al sistema de circuito cerrado. la abrazadera de montaje encaja a las paredes del tanque hasta 1.19in (30,2 mm) de espesor. las piezas de contacto son de acero inoxidable. interruptor on / off, luz indicadora de calentamiento, y termómetro (-20 ° a  150 ° c) están incluidos. garantía del fabricante de un año. se suministra con un cable de alimentación de 6 pies con toma de tierra. 220v/50hz opera en 4.5 amperios.','0','CE-15.jpg'), ('322','ag-01','tamices','juego de tamices serie fina y gruesa, de 8” de diámetro en bronce. normas astm e-11. bastidor y malla de bronce laminado de 8” (203,2 mm) de diámetro y 2” (50.8 mm) de altura. zócalo que permite apilar los tamices uno sobre otro.','0','AG-01.png'), ('323','ag-02','tamizador motorizado económico','se puede utilizar con tamices de 3 \", 5\" y 8 \"motor de 1/4 hp maneja hasta (10) tamices de 8\", (12) de 5 \"y (16) de 3 \" 220 v, 50 hz con temporizador, está provisto de orificios para su montaje en estructura sólida. con manual de instrucciones. no incluye tamices. \r\n \r\ncumple con astm c136','0','AG-02.jpg'), ('324','ag-03','tamizador de gran capacidad','es ideal para las determinaciones de tamaño de partículas en grandes muestras de áridos, escorias, minerales, y muchos otros materiales gruesos. los tamaños de lote de hasta un pie cúbico (0.028m ³) o más pueden ser procesados en seis fracciones en tan sólo tres a cinco minutos, dependiendo del tipo de material. las características de vibración y la amplitud se fijan en óptima, pero las opciones y accesorios están disponibles para optimizar el rendimiento de la máquina cuando se prueban las muestras más finas o materiales especiales. la bandeja de prueba estándar se puede utilizar para procesar material de todo el camino hasta no.200 (75μm) \r\n\r\nel mecanismo de accionamiento está completamente cerrado para mayor seguridad. el potente motor de tipo condensador de 1/2hp es operado a través de un interruptor de arranque con una función de protección de sobrecarga. está diseñado para ser montado en un sistema de suelo sólido, rígido. se recomienda la fijación con tornillos de anclaje al suelo de cemento. \r\n\r\ncinco bandejas de tamiz grueso de la serie y una pala estándar se incluyen con cada unidad. especifique tamaño al ordenar','0','AG-03.jpg'), ('325','ag-04','picnómetro de agregado fino','picnómetro de agregado fino (frasco phunque) es el elemento clave de un nuevo método que permite la realización de determinaciones de gravedad / absorción específicos para el agregado. este método se ha diseñado para eliminar el trabajo de la conjetura inherente incorporado en la norma astm c128 y aashto t-84. la nueva prueba es fácil de realizar, fácil de entender y fácilmente reproducible entre los técnicos y laboratorios. la prueba es muy fácil de ejecutar y se puede ejecutar de forma fiable en el campo. esto puede ser especialmente útil en las operaciones de asfalto donde las gravedades específicas pueden tener un gran impacto en los factores salariales. esta prueba permite al contratista comprobar gravedades específicas del material se utiliza para agregado fino y tiene un cuello de aproximadamente 1 \"de diámetro la escala en el matraz es legible a 0,1 gramos. el frasco también incluye una hoja de cálculo de excel y un utensilio de hisopado para mantener el cuello del matraz seco durante la carga.','0','AG-04.jpg'), ('326','ag-06','cesto grande para gravedad específica n°8','este dispositivo esta diseñado para, el uso con el banco de gravedad especifica, cesta de acero, de malla de alambre no. 8 cuenta con una construcción reforzada y asa. dimensiones: 8 \"x 8\" dia. cumple con la norma astm c127','0','AG-06.jpg'), ('327','ag-07','cesto para gravedad específica n°4','este dispositivo esta diseñado para uso con el banco de gravedad específica. el contenedor se utiliza para sumergir las muestras de agregado grueso en la solución y luego transferir las muestras en el horno de secado uniforme en un tiempo mínimo. malla de alambre no. 4. dimensiones generales: 10 \"x 4\" de diámetro (254 x 102 mm). mango de alambre redondo cumple con la norma astm c88, aashto t104.','0','AG-07.jpg'), ('328','ag-08','cesto pequeño para gravedad específica n°8','dispositivo para uso con el banco de gravedad específica\r\n\r\nse utiliza para sumergir las muestras de agregados gruesos en muestras de solución y traslado al horno. malla de alambre nº 8 de acero. dimensión total: 5-1/2 dia \"x 4\". (140 x 102 mm). cumple con la norma astm c88, aashto t104.','0','AG-08.jpg'), ('329','ag-09','soporte de sólidos para gravedad específica','para uso con el banco de gravedad específica.\r\nconstruido en barra de acero se usa para gravedad específica. el desplazamiento de agua se elimina virtualmente para mejorar la precisión en aplicaciones de pruebas de gravedad específica.','0','AG-09.jpg'), ('330','ag-10','tamiz n° 4 para gravedad específica','para uso con el banco de gravedad específica\r\n\r\npara su uso en aplicaciones de pruebas de gravedad específica. \r\n\r\n8” de diámetro','0','AG-10.jpg'), ('331','ag-11','botella de gravedad específica hubbard','botella de 24 ml para la determinación de la gravedad específica de los materiales semi-sólidos bituminosos, cementos de asfalto, brea y emulsiones. características tapón esmerilado con orificio de 1,6 mm. cumple con la norma astm d70, d115, d1963, aashto t228.','0','AG-11.jpg'), ('332','ag-12','botella de gravedad específica de hubbard carmick','botella de estilo erlenmeyer modificado de 24ml, de boca ancha, permite un fácil llenado y limpieza y es muy estable. cumple con la norma astm d70, d115, d2343, aashto t228, t43','0','AG-12.jpg'), ('333','ag-13','botella de gravedad específica de chapman','la botella tiene dos bombillas para determinar porcentaje aproximado de los huecos y la humedad superficial de los agregados finos. graduado de 200ml entre bombillas y desde 375ml hasta 450ml (en divisiones de 1 ml) por encima de segunda bombilla. cumple con la norma astm c70, aashto t142.','0','AG-13.jpg'), ('334','ag-15','matraces aforados para gravedad específica','frascos de vidrio utilizado en las determinaciones de gravedad específica, se calibran para contener la capacidad nominal a 20 ° c dentro de las tolerancias permitidas. disponible tapado o destapado. disponibles en 100 ml, 250 ml, 500ml (sin tapas) y de 250ml y 500 ml con tapas. cumplir con la norma astm d854, aashto t100.','0','AG-15.jpg'), ('335','ag-16','medidor de humedad speedy 20 gr','es un sistema portátil para medir el contenido de humedad de una amplia gama de materiales, incluyendo suelos, agregados, polvo y polvos (y líquidos).\r\n\r\nel sistema consta de un recipiente bajo presión equipado con un medidor de presión y una balanza electrónica y accesorios de prueba. las mediciones de la humedad se hacen mediante la mezcla de una muestra pesada del material con un reactivo de carburo de calcio en el recipiente a presión sellado. incluye caja de transporte durable.\r\n\r\nel reactivo reacciona químicamente con el agua en la muestra, la producción de gas de acetileno hace que aumente la presión dentro del recipiente. el aumento de la presión en el recipiente es proporcional a la cantidad de agua en la muestra, el contenido de humedad se puede leer directamente desde el medidor de presión calibrado. el comprobador se suministra completo con la caja de transporte, balanza electrónica, cubilete, paño de limpieza, la tapa, la arandela, cuchara, bolas de pulverización de acero, carburo molido y cepillos de limpieza. cumple con la norma astm d4944 y aashto t217. \r\nprecisión: dentro de un 0,5% en la mayoría de los materiales\r\ntest de velocidad: 45 seg. a 3 min., dependiendo del material\r\ncalibre: calibrado 0-20% de humedad basado en el peso húmedo\r\nbalance: electronic, rango 0-7 oz (0-200g), funciona con pilas','0','AG-16.jpg'), ('336','ag-17','Índice de elongación','para la clasificación de las partículas de agregado.\r\npara la determinación de índice de alargamiento. se considera que una partícula es alargada cuando su longitud (dimensión más larga) es más de 1,8 de la mediana de la fracción de tamiz. se clasifica y se separa en siete fracciones de tamiz de 63 a 6,3 mm, y cada fracción se examina por separado. seis aberturas marcadas entre pares de metal de los pines de medida de partícula. la cantidad de todas las partículas alargadas ( de no poder pasar entre los pines) como porcentaje de la muestra es el índice de alargamiento. cumple con bs 812','0','AG-17.jpg'), ('337','ag-18','medidor de lajas','para la determinación de índice de lajas. para las partículas cuando su espesor (dimensión más pequeña) es menos de 0,6 de la mitad de tamaño de la fracción de tamiz. el calibrador tiene siete ranuras. la masa de todas las partículas que pasan las ranuras correspondientes como porcentaje de la muestra es el índice de lajas. cumple con la norma bs 812.','0','AG-18.jpg'), ('338','ag-19','calibre proporcional','se utiliza para determinar el porcentaje de partículas planas, partículas alargadas, o ambas partículas planas y alargadas en agregados gruesos. la construcción es de acero para mayor resistencia y durabilidad, galvanizado para la resistencia a la corrosión. placa base con cuatro pies de goma para la estabilidad, y para mayor comodidad en la prueba en mesa. la proporción deseada se obtiene mediante la selección de una de las cuatro posiciones ajustables: 2 = l: 2; 3 = 1:03; 4 = 1:04; o 5 = 1:05. cumple con la norma astm d4791.','0','AG-19.jpg'), ('339','ag-20','máquina de desgaste de los Ángeles','para pruebas de resistencia a la abrasión en la roca triturada, escoria, triturados y triturados de grava, utilizando el método de pruebas de los Ángeles. marco soldado en acero estructural, tambor de acero fabricado en 1/2 \"de espesor, el tambor es equilibrado para facilitar la rotación con la mano. el motor es de 1hp (746w), equipado con un control de botón magnético y corte automático de sobrecarga. incluye cuentarrevoluciones, bandeja de recogida de material y cargas de abrasión consta de 12 bolas de acero endurecido \r\nel sistema de controles de encendido y apagado automático con número de revoluciones seleccionables se encuentra a distancia para mayor seguridad\r\ncumple con la norma astm c131, c535, aashto t96.','0','AG-20.jpg'), ('340','ag-21','desecador sin vacío','este armario desecador es construido en aluminio, permite visualizar fácilmente su contenido ya que todas las caras laterales y superior son de acrílico transparente. los soportes están diseñados para permitir colocar varios niveles de estantes a distintas alturas. tres estantes transparentes con pequeños orificios de ventilación.\r\ncierre hermético con dos bisagras y dos pestillos de gancho para el cierre. contiene un  higrómetro para la determinación de la humedad y temperatura dentro el desecador.\r\nse incluye recipiente con silica gel.','0','AG-21.jpg'), ('341','ag-22','cuarteadores','hechos de acero, con ranuras, que se suministran con dos bandejas de recogida. \r\n\r\ndisponibles en diferentes aberturas: \r\n1/4”–6,3mm\r\n1/2”–12,7mm\r\n 3/4”–19mm\r\n1”– 25,4mm\r\n1 1/2”–38mm \r\n2”–50,8mm\r\n2 1/2–63,5mm','0','AG-22.png'), ('342','ag-23','cuarteador de gran capacidad','diseñado para la reducción de muestras de ensayo que son demasiado grandes en volumen para ser manejados convenientemente. maneja cualquier material de arena hasta 102 mm de diámetro. cada barra es de 13 mm (1/2”) de ancho por lo que las aberturas son de:\r\n13 (1/2”)\r\n25 (1”)\r\n38 (1 ½”)\r\n51 (2”)\r\n63 (2 ½”)\r\n76 (3”)\r\n89 (3 ½”)\r\n102 (4”)\r\n completa con dos bandejas de recogida.','0','AG-23.jpg'), ('343','ag-25','mortero y mazo','los morteros y mazos son ampliamente utilizados para romper manualmente muestras de suelo antes del tamizado u otros procedimientos de prueba. el mortero es pesado de porcelana con acristalamiento exterior es dia 5 pulgadas (127 mm). x 2,5 pulgadas (64 mm) de altura, con capacidad 320ml e incluye maso de mortero de porcelana.','0','AG-25.jpg'), ('344','ag-24','mezclador para gravedad específica','se utiliza para determinar la gravedad específica de los suelos, los dos frascos giran a 50 rpm aproximadamente para satisfacer los estándares bs.\r\nel agitador está equipado con un dispositivo de fricción original, según la unidad de la directiva de seguridad ce.\r\nse suministra \"sin\" frascos, deben pedirse por separado.','0','AG-24.jpg'), ('345','eg-26','horno pequeño económico eléctrico digital','con recirculación de aire forzado, termostato digital con dos regillas que se pueden regular a diferentes alturas, puerta de vidrio templado para la visualización, con luz interior y funciones de calentamiento por encima y debajo o ambas del interior y alarma de aviso, diemnsiones interiores 460x315x400 mm.','0','EG-26.jpg'), ('346','eg-27','horno de laboratorio de 85 ltr. 232 °c','diseño avanzado de gabinetes son tan atractivos como son duraderos. exteriores están pintadas de color gris claro y tienen un acabado resistente a los arañazos, pintado martillado duro. las puertas se abren con asas termoplásticos de alto impacto. los armarios tienen una construcción de doble pared de acero pesado. el espacio de trabajo está aislado de la caja exterior con una pulgada de lana mineral de alta densidad, y los interiores están hechos de metal aluminizado resistente a la corrosión de grupo de incubadora controls quincy lab utiliza calidad ul y componentes csa reconocido en todos los hornos. el panel de control está equipado con un interruptor basculante iluminado on-off y una luz piloto de calor / ciclo. la temperatura se controla por un hidráulico automático o un termostato bimetálico, tienen rango de temperatura de 232ºc (450ºf).','0','EG-27.png'), ('347','eg-28','horno de laboratorio de gran capacidad  (300 litros)','los hornos quincylab tienen más de 40 años en la industria. \r\nhorno de desecación en laboratorio, de muestras y determinación de la humedad, fabricación robusta, doble pared y aislamiento térmico de fibra de vidrio. exterior delantera, cámara interior, rejilla y las paredes externas, en acero inoxidable, exterior  es revestido con pintura que proteje del ruido, es aislante térmico y proteje al acero de las manchas. \r\nlas estufas equipadas de un termostato de doble seguridad con un mayor umbral térmico para prevenir sobrecalentamientos accidentales y garantizar condiciones de trabajos seguros. el horno tiene dos puertas que facilitan la manipulacion\r\ntemperatura ambiente, hasta los 232 °c.\r\ncorriente de aire mediante ventilación forzado\r\ndimensiones mínimas  internas de 647 x 760 x 610 mm. capacidad de 300 litros\r\nsistema digital de control de temperaturas\r\n 220 v 50 hz','0','EG-28.png'), ('348','eg-01','balanza digital de 30 kg. de capacidad y 0.05 gr. de precisión','un modelo construido de manera sólida y con una protección de sobrecarga.\r\n\r\ncon la balanza cuentapiezas my weigh cts puede trabajar sin necesidad de enchufarla a la corriente eléctrica gracias a su batería interna recargable. podrá trabajar con ella en lugares sin acceso a la electricidad como en el campo.\r\n\r\nunidades de pesada: kg, g, lb, oz\r\n\r\nfunciones: conteo\r\ncapacidad mínima: 10 g\r\nrepetibilidad: 1.5 g\r\nlinearidad:	± 2.0 g\r\n\r\nrango de tara: tara en toda la capacidad\r\n\r\ntiempo de estabilización: 3 segundos\r\nrs-232 interface: si  rs-232 y 9 pines cable serial\r\ncalibración: automática externa\r\nsuministro: 220v 50hz line y baterías recargables para el campo\r\nduración de la batería	~30 huras de operación\r\nmaterial de la plataforma de acero inoxidable\r\npantalla de 3 displays x 6 digitos 5/8\" lcd con backlight\r\nfunciones: memoria acumulativa, preset conteo con alarma\r\ndimensiones de la plataforma: 9.25\" x 12.25\"\r\ndimensiones de la balanza: l x w x h 	13.5\" x 12.8\" x 4.3\"\r\n\r\ngarantía: 1 año\r\n\r\nalimentación: cargador de corriente incluido y batería interna recargable incluida.','0','EG-01.png'), ('349','eg-02','balanza digital cap.16 kg x 0.1 gr.','especificaciones técnicas. \r\n\r\ncapacidad por resolucion: 0-16000 g x 0.1 g\r\nrepetibilidad: ± 0.1 grams\r\nlinearidad (mg): ± 0.2 grams\r\ntiempo de respuesta promedio: 1.5 segundos\r\nrango de tara: en toda la escala\r\nunidades de peso seleccionables en g, kg, ct, lb, oz, ozt, tlh, tls, tlt, gn, dwt, mg, /lb, tlc, mom, k, tol, bat, y ms.\r\n\r\nprogramas de aplicación seleccionables	conversión de unidad de masa por toggling, tara, neto total, pesage en porcentaje, conteo, promedio\r\n\r\ndisplay	lcd con backlit\r\ntamaño de bandeja (mm/pulg) 300 x 400 mm / 11.7\" x 15.6\"\r\ndimensiones de la balanza: wxdxh	313 x 532 x 120 mm\r\n12.3\" x 20.9\" x 4.7\"\r\nrs-232 interface: si (cable no incluido)\r\n\r\npesado por debajo para determinación de peso específico	esta opción esta disponible pero se debe adicionar 2050 bs. pero ud. puede colgar pesos con un alambre que va desde la plataforma hasta terminar en un gancho en la parte inferior adicionando 480 bs.\r\nfuente de poder: ac adaptador 220 v\r\ngarantía de un 1 año','0','EG-02.png'), ('350','eg-03','balanza digital cap. 3100 gr.  x 0.01 gr.','especificaciones técnicas. \r\n\r\ncapacidad por resolución: 3100.00 x 0.01 g\r\nlinearidad: ± 0.03 g | 0.15 ct | 0.0006 oz | 0.0006 ozt\r\nunidades de medida: gramos, caracteres, onza, onza troy, partes por conteo\r\nrango de tara en toda la escala.\r\n\r\ntiempo de estabilización de 3 segundos.\r\nmáxima sobrecarga de 150% de la capacidad\r\ndisplay: 7 segmentos lcd 3/4\" altura con backlit\r\ndimensiones de la balanza con protector de vientos: 10.5\" x 7.5\" x 10.5\" (l x w x h)\r\ndimensiones de la balanza sin protector de vientos: 10.5\" x 7.5\" x 2.75\"(l x w x h)\r\nmaterial de la plataforma de acero inoxidable\r\ntamaño de plataforma: 5.75\" x 5.0\"\r\nrequerimiento de energía de 6v/4ah recargable o ac adaptador (incluidos)\r\ngarantía de 1 año','0','EG-03.jpg');
INSERT INTO `profesion` VALUES ('1','tecnico en mantenimiento'), ('2','arquitecto'), ('3','ingeniero'), ('4','ingeniero mecanico'), ('5','licenciado'), ('6','técnico en construcción| civil'), ('7','ingeniero civil'), ('8','ingeniero geologo');
INSERT INTO `telefono` VALUES ('6','1','4476897',NULL), ('7','1','72287672',NULL), ('8','1','2212182',NULL), ('9','1','70522248',NULL), ('14','1','70669100',NULL), ('15','1','6435037',NULL), ('16','1','6435037',NULL), ('17','1','70311550',NULL), ('18','1','72400690',NULL), ('19','1','65707990',NULL), ('20','1','71420297',NULL), ('21','1','4430879',NULL), ('22','1','72204387',NULL), ('23','1','70317302',NULL), ('24','1','75561973',NULL), ('25','1','72254549',NULL), ('26','1','71734518',NULL), ('27','1','67405149',NULL), ('28','1','61999940',NULL), ('29','1','4284741',NULL), ('30','1','72248042',NULL), ('31','1','76477726',NULL), ('32','1','71727151',NULL), ('33','1','77481083',NULL), ('34','1','4442532',NULL), ('35','1','72072429',NULL), ('36','1','2229701',NULL), ('37','1','76461393',NULL), ('38','1','71494277',NULL), ('39','1','72743846',NULL), ('40','1','4300494',NULL), ('41','1','79415812',NULL), ('42','1','44136203',NULL), ('43','1','71888093',NULL), ('44','1','76902573',NULL), ('45','1','4430778',NULL), ('46','1','4434822',NULL), ('47','1','72215215',NULL), ('48','1','79789129',NULL), ('49','1','72485722',NULL), ('50','1','38423513',NULL), ('51','1','4407687',NULL), ('52','1','76440210',NULL), ('53','1','6434140',NULL), ('54','1','77128809',NULL), ('55','1','6440881',NULL), ('56','1','3646939',NULL), ('57','1','3646931',NULL), ('58','1','33622208',NULL), ('59','1','4268286',NULL), ('60','1','4268288',NULL), ('61','1','5274870',NULL), ('62','1','5272835',NULL), ('63','1','5257578',NULL), ('64','1','71842423',NULL), ('65','1','722050016',NULL), ('66','1','71735599',NULL), ('67','1','4494576',NULL), ('68','1','4520856',NULL), ('69','1','4502695',NULL), ('70','1','72205370',NULL), ('71','1','71725370',NULL), ('72','1','4258030',NULL), ('73','1','4526428',NULL), ('74','1','77494542',NULL), ('75','1','4240237',NULL), ('76','1','6431887',NULL), ('77','1','77131012',NULL), ('78','1','79311553',NULL), ('79','1','65718147',NULL), ('80','1','4450905',NULL), ('81','1','4451988',NULL), ('82','1','71730704',NULL), ('83','1','6226985',NULL), ('84','1','72426190',NULL), ('85','1','79451636',NULL), ('86','1','72021930',NULL), ('87','1','50373',NULL), ('88','1','77407327',NULL), ('89','1','5248044',NULL), ('90','1','5240662',NULL), ('91','1','5243919',NULL), ('92','1','70425131',NULL), ('93','1','4293441',NULL), ('94','1','70782525',NULL), ('95','1','6455506',NULL), ('96','1','77120006',NULL), ('97','1','4500156',NULL), ('98','1','70753946',NULL), ('99','1','6452381',NULL), ('100','1','6442908',NULL), ('101','1','72880564',NULL), ('102','1','4293100',NULL), ('103','1','4291145',NULL), ('104','1','72711462',NULL), ('105','1','2795725',NULL), ('106','1','2795724',NULL), ('107','1','6454344',NULL), ('108','1','6460208',NULL), ('109','1','4370352',NULL);
INSERT INTO `telefono` VALUES ('110','1','6452381',NULL), ('111','1','71177255',NULL), ('112','1','3443838',NULL), ('113','1','70847530',NULL), ('114','1','2783195',NULL), ('115','1','2783939',NULL), ('116','1','4531133',NULL), ('117','1','4485156',NULL), ('118','1','4487098',NULL), ('119','1','4402444',NULL), ('120','1','4430445',NULL), ('122','1','70342013',NULL), ('123','1','4433305',NULL), ('124','1','4433306',NULL), ('125','1','4115198',NULL), ('126','1','71734168',NULL), ('127','1','4319904',NULL), ('128','1','4319935',NULL), ('129','1','52407030',NULL), ('130','1','5240985',NULL), ('131','1','4317049',NULL), ('132','1','71499739',NULL), ('133','1','71488297',NULL);
INSERT INTO `telefono_persona` VALUES ('6','6'), ('7','7'), ('72','7'), ('8','8'), ('9','8'), ('14','12'), ('15','13'), ('16','14'), ('17','14'), ('18','15'), ('19','18'), ('20','18'), ('21','20'), ('22','20'), ('23','21'), ('24','22'), ('25','23'), ('26','24'), ('27','25'), ('28','26'), ('29','27'), ('30','27'), ('31','30'), ('32','31'), ('33','31'), ('34','32'), ('35','33'), ('36','33'), ('37','34'), ('116','34'), ('38','35'), ('39','36'), ('40','37'), ('41','37'), ('42','38'), ('43','40'), ('44','41'), ('45','42'), ('46','42'), ('47','42'), ('48','42'), ('49','43'), ('50','44'), ('51','45'), ('52','45'), ('53','46'), ('54','46'), ('55','46'), ('56','47'), ('57','47'), ('58','48'), ('59','49'), ('60','49'), ('61','50'), ('62','50'), ('63','50'), ('64','50'), ('65','51'), ('66','51'), ('67','51'), ('68','52'), ('69','53'), ('70','53'), ('71','53'), ('73','54'), ('74','54'), ('75','54'), ('76','55'), ('77','55'), ('78','55'), ('79','56'), ('80','57'), ('81','57'), ('82','57'), ('83','58'), ('84','58'), ('85','58'), ('86','59'), ('87','61'), ('88','61'), ('89','62'), ('90','62'), ('91','62'), ('92','62'), ('93','63'), ('94','63'), ('95','64'), ('96','64'), ('97','65'), ('98','65'), ('99','66'), ('100','66'), ('101','66'), ('102','67'), ('103','67'), ('104','67'), ('105','68'), ('106','68'), ('107','69'), ('108','69');
INSERT INTO `telefono_persona` VALUES ('109','70'), ('110','71'), ('111','71'), ('112','72'), ('113','72'), ('114','73'), ('115','73'), ('117','74'), ('118','74'), ('119','75'), ('120','75'), ('122','75'), ('123','76'), ('124','76'), ('125','76'), ('126','76'), ('127','76'), ('128','76'), ('129','77'), ('130','77'), ('131','78'), ('132','78'), ('133','79');
INSERT INTO `tipo_telefono` VALUES ('1','otros');
